date,windGenerationMWh
2008-01-01,1176.73
2008-01-02,617.977916667
2008-01-03,1267.32333333
2008-01-04,1285.81375
2008-01-05,1127.44083333
2008-01-06,727.475833333
2008-01-07,214.085
2008-01-08,689.484583333
2008-01-09,767.421666667
2008-01-10,394.225833333
2008-01-11,190.864583333
2008-01-12,265.305416667
2008-01-13,436.252916667
2008-01-14,634.043333333
2008-01-15,981.352916667
2008-01-16,997.857916667
2008-01-17,613.20375
2008-01-18,1174.66875
2008-01-19,538.571666667
2008-01-20,183.549166667
2008-01-21,311.727916667
2008-01-22,921.46625
2008-01-23,596.48875
2008-01-24,828.455833333
2008-01-25,1081.04375
2008-01-26,786.649166667
2008-01-27,1108.56333333
2008-01-28,1277.46375
2008-01-29,1475.00875
2008-01-30,376.060833333
2008-01-31,326.10375
2008-02-01,963.666666667
2008-02-02,191.585
2008-02-03,561.7125
2008-02-04,399.280416667
2008-02-05,418.645
2008-02-06,442.569583333
2008-02-07,212.634583333
2008-02-08,92.0504166667
2008-02-09,999.325
2008-02-10,815.757083333
2008-02-11,460.776666667
2008-02-12,230.646666667
2008-02-13,500.523333333
2008-02-14,945.657083333
2008-02-15,610.968333333
2008-02-16,1480.70041667
2008-02-17,1465.02125
2008-02-18,1440.20458333
2008-02-19,796.274583333
2008-02-20,463.055833333
2008-02-21,308.874583333
2008-02-22,76.3075
2008-02-23,308.159583333
2008-02-24,677.744166667
2008-02-25,850.375
2008-02-26,1301.355
2008-02-27,268.070416667
2008-02-28,872.921666667
2008-02-29,1247.85625
2008-03-01,967.185416667
2008-03-02,1451.50583333
2008-03-03,1073.9075
2008-03-04,894.8625
2008-03-05,911.716666667
2008-03-06,452.121666667
2008-03-07,588.23
2008-03-08,856.421666667
2008-03-09,238.088333333
2008-03-10,589.714166667
2008-03-11,851.860416667
2008-03-12,997.349166667
2008-03-13,857.894583333
2008-03-14,628.399583333
2008-03-15,324.012916667
2008-03-16,387.12875
2008-03-17,751.25375
2008-03-18,366.65875
2008-03-19,285.037083333
2008-03-20,669.910416667
2008-03-21,653.016666667
2008-03-22,332.277916667
2008-03-23,655.447916667
2008-03-24,1369.06666667
2008-03-25,1351.56875
2008-03-26,400.537083333
2008-03-27,708.107916667
2008-03-28,461.08375
2008-03-29,1635.42125
2008-03-30,801.24125
2008-03-31,1331.95541667
2008-04-01,842.4
2008-04-02,832.543333333
2008-04-03,353.105
2008-04-04,700.985833333
2008-04-05,1395.1325
2008-04-06,1384.11958333
2008-04-07,1041.355
2008-04-08,246.044583333
2008-04-09,441.831666667
2008-04-10,1736.18208333
2008-04-11,1426.36291667
2008-04-12,1487.83208333
2008-04-13,624.57875
2008-04-14,921.230416667
2008-04-15,1808.0
2008-04-16,1592.04666667
2008-04-17,586.754583333
2008-04-18,1145.29375
2008-04-19,595.092916667
2008-04-20,1037.27291667
2008-04-21,1236.71625
2008-04-22,742.969166667
2008-04-23,1293.97916667
2008-04-24,1310.43125
2008-04-25,1307.79041667
2008-04-26,1716.08375
2008-04-27,738.10875
2008-04-28,730.045416667
2008-04-29,830.13875
2008-04-30,1783.56625
2008-05-01,1835.71875
2008-05-02,1459.09416667
2008-05-03,1597.30541667
2008-05-04,1057.40625
2008-05-05,523.794583333
2008-05-06,788.559166667
2008-05-07,1003.74458333
2008-05-08,565.54375
2008-05-09,352.9825
2008-05-10,904.153333333
2008-05-11,1256.55083333
2008-05-12,1506.32833333
2008-05-13,1150.55583333
2008-05-14,539.205416667
2008-05-15,336.977083333
2008-05-16,1146.03166667
2008-05-17,1387.59958333
2008-05-18,809.68125
2008-05-19,670.424583333
2008-05-20,1132.14083333
2008-05-21,584.05125
2008-05-22,839.235833333
2008-05-23,1507.6575
2008-05-24,1897.7725
2008-05-25,1559.69708333
2008-05-26,1331.26083333
2008-05-27,1170.5425
2008-05-28,409.6375
2008-05-29,881.066666667
2008-05-30,1016.67416667
2008-05-31,744.7025
2008-06-01,304.740416667
2008-06-02,434.632083333
2008-06-03,768.248333333
2008-06-04,291.620833333
2008-06-05,1204.69541667
2008-06-06,1902.2975
2008-06-07,1104.435
2008-06-08,457.645
2008-06-09,1066.09916667
2008-06-10,637.59125
2008-06-11,1526.67166667
2008-06-12,970.39625
2008-06-13,1452.61125
2008-06-14,772.019166667
2008-06-15,870.9675
2008-06-16,717.132916667
2008-06-17,332.327083333
2008-06-18,292.2425
2008-06-19,180.175
2008-06-20,418.087083333
2008-06-21,565.44
2008-06-22,492.630833333
2008-06-23,228.395416667
2008-06-24,672.44
2008-06-25,631.4725
2008-06-26,360.065
2008-06-27,783.0075
2008-06-28,1730.13333333
2008-06-29,1425.32041667
2008-06-30,313.440833333
2008-07-01,1043.0525
2008-07-02,1409.0725
2008-07-03,331.0525
2008-07-04,323.38625
2008-07-05,1430.83125
2008-07-06,655.43375
2008-07-07,508.004166667
2008-07-08,674.332916667
2008-07-09,285.456666667
2008-07-10,749.723333333
2008-07-11,1473.55083333
2008-07-12,1320.31416667
2008-07-13,1093.23208333
2008-07-14,410.950416667
2008-07-15,604.944166667
2008-07-16,516.94
2008-07-17,496.702916667
2008-07-18,273.930833333
2008-07-19,397.646666667
2008-07-20,175.342916667
2008-07-21,169.27625
2008-07-22,329.05125
2008-07-23,930.86
2008-07-24,448.0075
2008-07-25,384.04375
2008-07-26,340.217083333
2008-07-27,458.54
2008-07-28,407.658333333
2008-07-29,446.403333333
2008-07-30,238.855
2008-07-31,568.870416667
2008-08-01,356.4775
2008-08-02,791.387916667
2008-08-03,780.505
2008-08-04,473.2975
2008-08-05,276.634583333
2008-08-06,443.219583333
2008-08-07,282.63375
2008-08-08,390.45625
2008-08-09,334.501666667
2008-08-10,476.359583333
2008-08-11,638.21625
2008-08-12,270.36125
2008-08-13,248.682083333
2008-08-14,143.454166667
2008-08-15,173.585416667
2008-08-16,305.350416667
2008-08-17,707.769166667
2008-08-18,579.9625
2008-08-19,469.831666667
2008-08-20,1100.4175
2008-08-21,1345.01541667
2008-08-22,1603.85125
2008-08-23,717.064166667
2008-08-24,222.868333333
2008-08-25,640.0175
2008-08-26,1481.53791667
2008-08-27,746.692083333
2008-08-28,529.314166667
2008-08-29,602.21875
2008-08-30,1047.78416667
2008-08-31,1808.32416667
2008-09-01,1727.1975
2008-09-02,1382.09041667
2008-09-03,513.065833333
2008-09-04,335.734166667
2008-09-05,396.495833333
2008-09-06,206.971666667
2008-09-07,406.134166667
2008-09-08,109.774166667
2008-09-09,566.54125
2008-09-10,1326.69958333
2008-09-11,1075.665
2008-09-12,219.173333333
2008-09-13,442.5775
2008-09-14,1361.35541667
2008-09-15,474.767083333
2008-09-16,813.455
2008-09-17,729.50125
2008-09-18,1327.96041667
2008-09-19,1388.26375
2008-09-20,739.125416667
2008-09-21,1319.40458333
2008-09-22,1611.98958333
2008-09-23,1395.50791667
2008-09-24,488.800833333
2008-09-25,1445.12541667
2008-09-26,1531.79916667
2008-09-27,822.750833333
2008-09-28,494.476666667
2008-09-29,840.979583333
2008-09-30,813.615833333
2008-10-01,548.474166667
2008-10-02,488.8425
2008-10-03,539.356666667
2008-10-04,1348.3975
2008-10-05,1539.6
2008-10-06,1502.55333333
2008-10-07,1233.1525
2008-10-08,1172.42208333
2008-10-09,807.355833333
2008-10-10,1198.0725
2008-10-11,922.495
2008-10-12,1754.25
2008-10-13,1272.03541667
2008-10-14,1033.11833333
2008-10-15,1326.335
2008-10-16,258.385
2008-10-17,206.495
2008-10-18,1310.2625
2008-10-19,1582.98708333
2008-10-20,939.31625
2008-10-21,1418.315
2008-10-22,1733.87375
2008-10-23,1250.18833333
2008-10-24,301.955416667
2008-10-25,1563.35541667
2008-10-26,2374.31375
2008-10-27,1630.43208333
2008-10-28,735.0625
2008-10-29,865.819583333
2008-10-30,2115.34
2008-10-31,1089.15666667
2008-11-01,1177.75791667
2008-11-02,1506.51375
2008-11-03,2280.84333333
2008-11-04,1757.7175
2008-11-05,2378.40541667
2008-11-06,1335.43083333
2008-11-07,1405.88333333
2008-11-08,2059.9125
2008-11-09,907.710833333
2008-11-10,229.28
2008-11-11,607.880416667
2008-11-12,429.648333333
2008-11-13,1550.92666667
2008-11-14,1548.32083333
2008-11-15,1707.26833333
2008-11-16,1320.99041667
2008-11-17,1102.5025
2008-11-18,1526.50125
2008-11-19,2441.64958333
2008-11-20,2351.95333333
2008-11-21,1055.475
2008-11-22,1234.96416667
2008-11-23,966.57625
2008-11-24,2019.71375
2008-11-25,1062.94083333
2008-11-26,668.531666667
2008-11-27,2064.68458333
2008-11-28,1168.83333333
2008-11-29,726.115416667
2008-11-30,1496.60875
2008-12-01,2087.09666667
2008-12-02,2146.11541667
2008-12-03,2144.86583333
2008-12-04,1954.33541667
2008-12-05,1952.50625
2008-12-06,2254.13791667
2008-12-07,986.148333333
2008-12-08,983.587083333
2008-12-09,1905.98708333
2008-12-10,1836.12583333
2008-12-11,1101.07708333
2008-12-12,1388.60666667
2008-12-13,2474.12083333
2008-12-14,2697.18625
2008-12-15,2068.37708333
2008-12-16,591.375416667
2008-12-17,675.524166667
2008-12-18,1213.20458333
2008-12-19,1431.29666667
2008-12-20,1781.56958333
2008-12-21,2910.80208333
2008-12-22,1564.26666667
2008-12-23,1985.5975
2008-12-24,1613.22916667
2008-12-25,2620.905
2008-12-26,2492.45208333
2008-12-27,1828.47458333
2008-12-28,1956.20625
2008-12-29,2244.53458333
2008-12-30,2043.445
2008-12-31,1701.11833333
2009-01-01,2790.83
2009-01-01,2578.82666667
2009-01-02,1440.30125
2009-01-03,2087.39583333
2009-01-04,1776.0475
2009-01-05,2207.21041667
2009-01-06,1635.93666667
2009-01-07,1991.2025
2009-01-08,884.52375
2009-01-09,1298.35083333
2009-01-10,1145.00875
2009-01-11,1103.43541667
2009-01-12,1685.775
2009-01-13,1366.39291667
2009-01-14,2106.49666667
2009-01-15,1373.53291667
2009-01-16,2057.71875
2009-01-17,2965.67791667
2009-01-18,1893.3625
2009-01-19,1509.47958333
2009-01-20,1455.81916667
2009-01-21,1656.91875
2009-01-22,721.215416667
2009-01-23,3175.80416667
2009-01-24,1591.42375
2009-01-25,997.407916667
2009-01-26,702.7475
2009-01-27,788.394583333
2009-01-28,2069.55375
2009-01-29,2533.84083333
2009-01-30,1170.8525
2009-01-31,3210.31083333
2009-02-01,3210.08916667
2009-02-02,2476.3675
2009-02-03,1554.24208333
2009-02-04,1410.35375
2009-02-05,1807.18625
2009-02-06,2457.52708333
2009-02-07,3131.0475
2009-02-08,1149.95166667
2009-02-09,3044.77083333
2009-02-10,3151.78083333
2009-02-11,2552.59041667
2009-02-12,2882.56708333
2009-02-13,842.924166667
2009-02-14,773.702916667
2009-02-15,452.55
2009-02-16,1896.36833333
2009-02-17,1459.06125
2009-02-18,2337.79625
2009-02-19,1244.88333333
2009-02-20,934.155416667
2009-02-21,2881.80375
2009-02-22,1320.12458333
2009-02-23,1481.8525
2009-02-24,2231.01666667
2009-02-25,1999.21791667
2009-02-26,2167.47333333
2009-02-27,1513.02791667
2009-02-28,1083.07125
2009-03-01,1377.275
2009-03-02,1513.55625
2009-03-03,2875.88541667
2009-03-04,2525.95708333
2009-03-05,1901.9675
2009-03-06,1602.45583333
2009-03-07,926.396666667
2009-03-08,1305.69
2009-03-09,1173.29208333
2009-03-10,1295.625
2009-03-11,1767.26666667
2009-03-12,617.056666667
2009-03-13,1276.59958333
2009-03-14,2276.59458333
2009-03-15,2575.9625
2009-03-16,2260.12916667
2009-03-17,2341.52583333
2009-03-18,1292.55333333
2009-03-19,852.950416667
2009-03-20,2348.64125
2009-03-21,1375.86333333
2009-03-22,2865.96
2009-03-23,3231.27125
2009-03-24,2803.35833333
2009-03-25,2103.71166667
2009-03-26,1221.82916667
2009-03-27,926.605416667
2009-03-28,806.050416667
2009-03-29,1217.71958333
2009-03-30,2541.58125
2009-03-31,2909.6025
2009-04-01,2967.60916667
2009-04-02,1040.17
2009-04-03,961.892083333
2009-04-04,1881.75041667
2009-04-05,3060.84833333
2009-04-06,2928.65416667
2009-04-07,1467.30958333
2009-04-08,1661.15583333
2009-04-09,1269.87291667
2009-04-10,1467.67041667
2009-04-11,1243.6375
2009-04-12,2253.81083333
2009-04-13,1402.07291667
2009-04-14,1076.19708333
2009-04-15,1910.98166667
2009-04-16,2177.15708333
2009-04-17,1032.66583333
2009-04-18,1182.61583333
2009-04-19,1585.78166667
2009-04-20,2540.5375
2009-04-21,2087.175
2009-04-22,1315.95833333
2009-04-23,2833.20333333
2009-04-24,2651.86958333
2009-04-25,1743.3725
2009-04-26,2039.89625
2009-04-27,2127.89041667
2009-04-28,1714.94666667
2009-04-29,2506.85208333
2009-04-30,2177.37208333
2009-05-01,2139.43041667
2009-05-02,1590.73625
2009-05-03,833.262083333
2009-05-04,1355.90291667
2009-05-05,1830.65583333
2009-05-06,1322.57375
2009-05-07,1311.65375
2009-05-08,931.197083333
2009-05-09,1853.44125
2009-05-10,747.119166667
2009-05-11,676.4425
2009-05-12,2707.65833333
2009-05-13,2727.82625
2009-05-14,1983.90083333
2009-05-15,2578.68916667
2009-05-16,2548.565
2009-05-17,1302.50791667
2009-05-18,2464.24666667
2009-05-19,2768.57916667
2009-05-20,3133.90708333
2009-05-21,1627.76375
2009-05-22,930.789166667
2009-05-23,703.40125
2009-05-24,815.112083333
2009-05-25,2633.97458333
2009-05-26,1646.445
2009-05-27,1418.35583333
2009-05-28,642.215
2009-05-29,1021.57375
2009-05-30,1623.89125
2009-05-31,2061.77333333
2009-06-01,1469.24125
2009-06-02,1294.17916667
2009-06-03,709.218333333
2009-06-04,626.094166667
2009-06-05,1423.84916667
2009-06-06,1857.735
2009-06-07,1451.6125
2009-06-08,1332.74958333
2009-06-09,314.460416667
2009-06-10,485.644583333
2009-06-11,460.67875
2009-06-12,402.9625
2009-06-13,234.3325
2009-06-14,469.884583333
2009-06-15,1188.16458333
2009-06-16,1078.96458333
2009-06-17,466.883333333
2009-06-18,1002.165
2009-06-19,966.840416667
2009-06-20,609.13125
2009-06-21,1166.07291667
2009-06-22,434.887083333
2009-06-23,687.886666667
2009-06-24,492.351666667
2009-06-25,347.094583333
2009-06-26,946.415416667
2009-06-27,2418.5125
2009-06-28,2905.65166667
2009-06-29,2292.04958333
2009-06-30,2002.4475
2009-07-01,824.3725
2009-07-02,270.756666667
2009-07-03,299.581666667
2009-07-04,242.072916667
2009-07-05,233.424583333
2009-07-06,325.927083333
2009-07-07,511.05625
2009-07-08,728.637083333
2009-07-09,1716.77333333
2009-07-10,837.547916667
2009-07-11,674.837083333
2009-07-12,495.702916667
2009-07-13,638.280416667
2009-07-14,2185.01916667
2009-07-15,2541.58291667
2009-07-16,1999.69916667
2009-07-17,2129.30333333
2009-07-18,641.353333333
2009-07-19,527.400833333
2009-07-20,1442.18916667
2009-07-21,595.350833333
2009-07-22,130.42125
2009-07-23,385.625416667
2009-07-24,1646.54541667
2009-07-25,1737.92958333
2009-07-26,746.902916667
2009-07-27,1408.99083333
2009-07-28,1045.49208333
2009-07-29,306.209166667
2009-07-30,608.681666667
2009-07-31,1159.84041667
2009-08-01,1698.07666667
2009-08-02,1568.92416667
2009-08-03,1273.9625
2009-08-04,725.621666667
2009-08-05,247.30125
2009-08-06,292.92125
2009-08-07,1592.65708333
2009-08-08,1408.37083333
2009-08-09,693.61875
2009-08-10,254.144583333
2009-08-11,290.769583333
2009-08-12,740.057083333
2009-08-13,1037.19375
2009-08-14,2135.98958333
2009-08-15,1741.88125
2009-08-16,1825.23833333
2009-08-17,1069.16916667
2009-08-18,942.680416667
2009-08-19,1447.56083333
2009-08-20,2128.00958333
2009-08-21,2190.95375
2009-08-22,559.071666667
2009-08-23,986.46625
2009-08-24,2218.8875
2009-08-25,1047.24166667
2009-08-26,918.640833333
2009-08-27,613.20875
2009-08-28,761.53625
2009-08-29,1535.87083333
2009-08-30,373.630416667
2009-08-31,541.489583333
2009-09-01,1602.00625
2009-09-02,1698.36125
2009-09-03,623.844166667
2009-09-04,635.75125
2009-09-05,1082.08583333
2009-09-06,1130.93708333
2009-09-07,1761.22708333
2009-09-08,2161.71583333
2009-09-09,813.94375
2009-09-10,788.66125
2009-09-11,891.479583333
2009-09-12,234.76625
2009-09-13,378.914583333
2009-09-14,676.082916667
2009-09-15,402.222083333
2009-09-16,629.875
2009-09-17,465.584583333
2009-09-18,569.91
2009-09-19,1314.83375
2009-09-20,2245.39458333
2009-09-21,1903.08583333
2009-09-22,813.22125
2009-09-23,143.799166667
2009-09-24,292.15875
2009-09-25,471.24
2009-09-26,797.899166667
2009-09-27,4118.85541667
2009-09-28,4730.37166667
2009-09-29,1830.25458333
2009-09-30,3030.40333333
2009-10-01,3516.88916667
2009-10-02,2848.625
2009-10-03,1458.96333333
2009-10-04,777.0925
2009-10-05,955.862083333
2009-10-06,2857.5575
2009-10-07,3085.83125
2009-10-08,1937.72833333
2009-10-09,1358.87875
2009-10-10,2680.7675
2009-10-11,515.5775
2009-10-12,207.063333333
2009-10-13,980.422083333
2009-10-14,1205.94208333
2009-10-15,494.90875
2009-10-16,232.622916667
2009-10-17,1143.73625
2009-10-18,4287.73
2009-10-19,2456.78791667
2009-10-20,1415.2225
2009-10-21,2090.67125
2009-10-22,3756.3575
2009-10-23,3484.61416667
2009-10-24,1697.36541667
2009-10-25,1099.17625
2009-10-26,974.2275
2009-10-27,3500.245
2009-10-28,1926.20583333
2009-10-29,3138.50291667
2009-10-30,4537.33
2009-10-31,2776.29541667
2009-11-01,2234.3225
2009-11-02,3345.19541667
2009-11-03,2099.72875
2009-11-04,2434.82375
2009-11-05,2826.69375
2009-11-06,4615.8175
2009-11-07,2980.96583333
2009-11-08,2917.77833333
2009-11-09,1661.56791667
2009-11-10,2584.27791667
2009-11-11,3198.46125
2009-11-12,4135.74
2009-11-13,2345.76291667
2009-11-14,1437.98291667
2009-11-15,1231.24625
2009-11-16,2599.87083333
2009-11-17,3291.1625
2009-11-18,1507.16208333
2009-11-19,660.254166667
2009-11-20,1082.8125
2009-11-21,3159.39541667
2009-11-22,2599.73
2009-11-23,1477.93541667
2009-11-24,2233.72458333
2009-11-25,3694.66666667
2009-11-26,2946.25333333
2009-11-27,1543.44166667
2009-11-28,1397.59
2009-11-29,2101.55083333
2009-11-30,2865.82125
2009-12-01,3143.59375
2009-12-02,3434.54083333
2009-12-03,2943.12291667
2009-12-04,2107.2075
2009-12-05,1919.505
2009-12-06,1996.0525
2009-12-07,998.614583333
2009-12-08,2726.90375
2009-12-09,4646.74708333
2009-12-10,3570.88125
2009-12-11,2463.50041667
2009-12-12,3791.47
2009-12-13,1575.0025
2009-12-14,2177.01208333
2009-12-15,1849.43208333
2009-12-16,1673.79791667
2009-12-17,878.8525
2009-12-18,840.756666667
2009-12-19,851.092916667
2009-12-20,509.955416667
2009-12-21,649.94625
2009-12-22,1663.79958333
2009-12-23,2312.3175
2009-12-24,2048.275
2009-12-25,3905.24916667
2009-12-26,1807.26583333
2009-12-27,2676.73875
2009-12-28,3784.02666667
2009-12-29,2109.63833333
2009-12-30,2818.18416667
2009-12-31,3394.42583333
2010-01-01,3189.35
2010-01-01,2577.64958333
2010-01-02,1666.2575
2010-01-03,1120.02541667
2010-01-04,1645.48333333
2010-01-05,1176.59083333
2010-01-06,1005.77541667
2010-01-07,4741.43166667
2010-01-08,2721.4575
2010-01-09,1883.80666667
2010-01-10,4555.96916667
2010-01-11,2348.78375
2010-01-12,3005.8075
2010-01-13,4527.895
2010-01-14,3037.43666667
2010-01-15,1511.04666667
2010-01-16,3503.86916667
2010-01-17,1167.28958333
2010-01-18,655.585833333
2010-01-19,712.4025
2010-01-20,2504.08625
2010-01-21,1114.765
2010-01-22,1608.34833333
2010-01-23,3684.54166667
2010-01-24,3636.9925
2010-01-25,4690.52125
2010-01-26,4290.73666667
2010-01-27,4038.27458333
2010-01-28,2447.18208333
2010-01-29,714.669583333
2010-01-30,609.739583333
2010-01-31,1119.53833333
2010-02-01,1186.97583333
2010-02-02,1001.90333333
2010-02-03,1318.41958333
2010-02-04,1650.20791667
2010-02-05,2512.39875
2010-02-06,1099.345
2010-02-07,1272.41041667
2010-02-08,2796.72416667
2010-02-09,3681.02416667
2010-02-10,2112.29916667
2010-02-11,954.743333333
2010-02-12,90.42125
2010-02-13,648.49
2010-02-14,3504.41791667
2010-02-15,4561.67333333
2010-02-16,4354.83541667
2010-02-17,2868.92791667
2010-02-18,1174.99166667
2010-02-19,360.397083333
2010-02-20,268.239166667
2010-02-21,1926.23083333
2010-02-22,2652.74625
2010-02-23,3549.32916667
2010-02-24,2672.86166667
2010-02-25,1670.25583333
2010-02-26,1079.58208333
2010-02-27,2271.99041667
2010-02-28,1758.91958333
2010-03-01,1271.05708333
2010-03-02,579.205833333
2010-03-03,740.3
2010-03-04,1477.31583333
2010-03-05,2647.89625
2010-03-06,2575.47333333
2010-03-07,769.646666667
2010-03-08,1607.83125
2010-03-09,2300.86333333
2010-03-10,2094.94
2010-03-11,2775.01833333
2010-03-12,1457.76791667
2010-03-13,3275.53708333
2010-03-14,2738.36833333
2010-03-15,2360.91833333
2010-03-16,1545.88916667
2010-03-17,1601.10458333
2010-03-18,2987.055
2010-03-19,4480.78458333
2010-03-20,2942.20666667
2010-03-21,1254.71041667
2010-03-22,2919.86083333
2010-03-23,2880.02791667
2010-03-24,2665.38375
2010-03-25,3458.66708333
2010-03-26,3951.20208333
2010-03-27,3019.58125
2010-03-28,2509.89333333
2010-03-29,3120.52916667
2010-03-30,4505.96833333
2010-03-31,3201.59958333
2010-04-01,3534.32791667
2010-04-02,4972.73583333
2010-04-03,3541.50208333
2010-04-04,2743.18583333
2010-04-05,1751.09958333
2010-04-06,4065.9925
2010-04-07,4257.13375
2010-04-08,2319.58041667
2010-04-09,2737.18791667
2010-04-10,2045.91333333
2010-04-11,1499.34916667
2010-04-12,3961.39416667
2010-04-13,4269.17
2010-04-14,4200.27166667
2010-04-15,4050.81541667
2010-04-16,3830.96166667
2010-04-17,2199.33958333
2010-04-18,642.902916667
2010-04-19,543.516666667
2010-04-20,650.616666667
2010-04-21,1011.10291667
2010-04-22,821.031666667
2010-04-23,3728.15208333
2010-04-24,3127.61458333
2010-04-25,4160.48916667
2010-04-26,2016.74625
2010-04-27,1409.26541667
2010-04-28,3381.43083333
2010-04-29,4086.37958333
2010-04-30,2812.65666667
2010-05-01,4274.52875
2010-05-02,2763.9625
2010-05-03,2272.50666667
2010-05-04,3652.26666667
2010-05-05,4516.97583333
2010-05-06,1514.63791667
2010-05-07,3356.13666667
2010-05-08,3327.87625
2010-05-09,1372.72916667
2010-05-10,4443.46583333
2010-05-11,2330.9925
2010-05-12,2374.23666667
2010-05-13,2799.67416667
2010-05-14,2273.35
2010-05-15,800.2175
2010-05-16,1626.62791667
2010-05-17,1012.14708333
2010-05-18,995.938333333
2010-05-19,1901.77125
2010-05-20,2344.385
2010-05-21,712.21625
2010-05-22,3791.54791667
2010-05-23,3523.2
2010-05-24,3521.87208333
2010-05-25,1980.46291667
2010-05-26,1290.37541667
2010-05-27,2084.21625
2010-05-28,2259.66708333
2010-05-29,3223.22416667
2010-05-30,2598.8575
2010-05-31,775.39125
2010-06-01,1801.74875
2010-06-02,1123.08791667
2010-06-03,1043.5825
2010-06-04,1974.76916667
2010-06-05,1523.46
2010-06-06,2295.84125
2010-06-07,445.454166667
2010-06-08,2401.85791667
2010-06-09,2769.65208333
2010-06-10,2483.02708333
2010-06-11,2169.18416667
2010-06-12,1362.47291667
2010-06-13,712.703333333
2010-06-14,720.464583333
2010-06-15,1008.44708333
2010-06-16,1375.2425
2010-06-17,4191.13291667
2010-06-18,2961.18625
2010-06-19,1684.58
2010-06-20,805.624166667
2010-06-21,1131.23708333
2010-06-22,1184.38
2010-06-23,2391.56541667
2010-06-24,898.25375
2010-06-25,2700.65125
2010-06-26,1928.04458333
2010-06-27,2422.67833333
2010-06-28,2025.34083333
2010-06-29,730.155
2010-06-30,2022.91208333
2010-07-01,3345.94083333
2010-07-02,4369.68958333
2010-07-03,4080.53083333
2010-07-04,2117.59958333
2010-07-05,754.100833333
2010-07-06,804.359166667
2010-07-07,525.959166667
2010-07-08,631.800416667
2010-07-09,664.689583333
2010-07-10,2172.90916667
2010-07-11,1086.92
2010-07-12,547.02375
2010-07-13,2015.2625
2010-07-14,3389.20208333
2010-07-15,1761.13541667
2010-07-16,1508.44625
2010-07-17,1722.92708333
2010-07-18,1528.07166667
2010-07-19,611.426666667
2010-07-20,358.981666667
2010-07-21,725.11125
2010-07-22,1588.98833333
2010-07-23,1029.14125
2010-07-24,1107.27458333
2010-07-25,462.77375
2010-07-26,1527.11416667
2010-07-27,2433.21458333
2010-07-28,1078.80333333
2010-07-29,524.212916667
2010-07-30,710.766666667
2010-07-31,266.035
2010-08-01,1041.06208333
2010-08-02,1070.16541667
2010-08-03,446.993333333
2010-08-04,1033.96666667
2010-08-05,1279.0375
2010-08-06,393.349583333
2010-08-07,2345.21625
2010-08-08,1529.92916667
2010-08-09,970.179583333
2010-08-10,1549.69875
2010-08-11,495.4425
2010-08-12,1653.52416667
2010-08-13,1967.89458333
2010-08-14,1311.46166667
2010-08-15,2942.61
2010-08-16,1705.42416667
2010-08-17,987.71625
2010-08-18,1613.34791667
2010-08-19,2245.93041667
2010-08-20,1642.26
2010-08-21,624.629166667
2010-08-22,1892.85833333
2010-08-23,2532.70958333
2010-08-24,2494.03375
2010-08-25,1035.44708333
2010-08-26,2288.32458333
2010-08-27,4167.13875
2010-08-28,3922.72916667
2010-08-29,4142.05916667
2010-08-30,3871.58791667
2010-08-31,2420.66541667
2010-09-01,1454.52291667
2010-09-02,2897.64291667
2010-09-03,4420.58583333
2010-09-04,1274.53041667
2010-09-05,2674.89041667
2010-09-06,3750.89708333
2010-09-07,3855.56916667
2010-09-08,1203.88875
2010-09-09,3085.86875
2010-09-10,3100.4625
2010-09-11,2878.43416667
2010-09-12,1826.19583333
2010-09-13,1155.36458333
2010-09-14,1344.13375
2010-09-15,2371.24125
2010-09-16,2089.71041667
2010-09-17,1881.93166667
2010-09-18,1617.84875
2010-09-19,929.374166667
2010-09-20,3282.56
2010-09-21,1880.93791667
2010-09-22,2347.20375
2010-09-23,4121.19083333
2010-09-24,3975.72041667
2010-09-25,904.495
2010-09-26,1371.00125
2010-09-27,2577.28208333
2010-09-28,1584.59541667
2010-09-29,3553.74791667
2010-09-30,1504.50166667
2010-10-01,1707.80166667
2010-10-02,2293.59041667
2010-10-03,1955.80875
2010-10-04,2905.66375
2010-10-05,3469.16458333
2010-10-06,2877.11125
2010-10-07,1764.20541667
2010-10-08,2820.78583333
2010-10-09,1739.84
2010-10-10,509.637083333
2010-10-11,426.62
2010-10-12,2380.17583333
2010-10-13,2397.73125
2010-10-14,3020.0175
2010-10-15,2157.57208333
2010-10-16,4032.24083333
2010-10-17,1205.70125
2010-10-18,1014.05291667
2010-10-19,1397.51708333
2010-10-20,4069.74375
2010-10-21,1656.65833333
2010-10-22,3159.94416667
2010-10-23,2480.405
2010-10-24,1402.20875
2010-10-25,3310.17416667
2010-10-26,5370.88208333
2010-10-27,5851.54625
2010-10-28,4451.9575
2010-10-29,3354.12083333
2010-10-30,3317.22333333
2010-10-31,1267.97458333
2010-11-01,1711.24583333
2010-11-02,2721.39
2010-11-03,4854.55125
2010-11-04,4951.93166667
2010-11-05,2192.17416667
2010-11-06,4476.02666667
2010-11-07,3831.89583333
2010-11-08,3492.27166667
2010-11-09,3851.61958333
2010-11-10,3739.81958333
2010-11-11,1899.28458333
2010-11-12,2981.07625
2010-11-13,4477.70333333
2010-11-14,2081.24291667
2010-11-15,974.965416667
2010-11-16,445.643333333
2010-11-17,2121.29333333
2010-11-18,2468.85041667
2010-11-19,4394.39083333
2010-11-20,3500.18458333
2010-11-21,2292.61625
2010-11-22,1788.73625
2010-11-23,1824.72625
2010-11-24,4071.98666667
2010-11-25,3482.12833333
2010-11-26,3935.84833333
2010-11-27,1969.52041667
2010-11-28,5392.28875
2010-11-29,5079.46916667
2010-11-30,5919.37333333
2010-12-01,3356.2275
2010-12-02,641.495833333
2010-12-03,1752.15583333
2010-12-04,2538.75416667
2010-12-05,2715.15791667
2010-12-06,1766.02208333
2010-12-07,1127.99458333
2010-12-08,755.695
2010-12-09,4487.665
2010-12-10,2554.82083333
2010-12-11,4595.41708333
2010-12-12,4555.19833333
2010-12-13,2025.89791667
2010-12-14,2102.355
2010-12-15,2837.92208333
2010-12-16,1065.62625
2010-12-17,3865.40958333
2010-12-18,3355.21416667
2010-12-19,1091.17041667
2010-12-20,3275.47416667
2010-12-21,3103.98375
2010-12-22,1643.93541667
2010-12-23,948.29125
2010-12-24,1522.65208333
2010-12-25,2281.44166667
2010-12-26,1154.27458333
2010-12-27,2816.09458333
2010-12-28,3958.01708333
2010-12-29,5892.79041667
2010-12-30,5763.97375
2010-12-31,3587.8975
2011-01-01,5259.94
2012-01-01,7710.45458333
2012-01-10,3081.85375
2012-01-11,6062.94583333
2012-01-12,7442.66708333
2012-01-13,2706.14166667
2012-01-14,1303.79791667
2012-01-15,5794.57708333
2012-01-16,5723.20875
2012-01-17,5476.52041667
2012-01-18,6205.39208333
2012-01-19,3500.41208333
2012-01-02,5966.35333333
2012-01-20,1425.25125
2012-01-21,4401.38791667
2012-01-22,4471.30875
2012-01-23,4545.82916667
2012-01-24,1535.04708333
2012-01-25,2926.60625
2012-01-26,5184.60541667
2012-01-27,5311.61583333
2012-01-28,6099.18416667
2012-01-29,3804.75791667
2012-01-03,5238.87791667
2012-01-30,5075.42916667
2012-01-31,5273.8425
2012-01-04,4788.4125
2012-01-05,4684.36083333
2012-01-06,5773.56041667
2012-01-07,2619.465
2012-01-08,1931.60916667
2012-01-09,5370.51833333
2012-10-01,4151.15666667
2012-10-10,4064.77
2012-10-11,5465.80166667
2012-10-12,5350.00291667
2012-10-13,4582.28
2012-10-14,5622.14708333
2012-10-15,2988.44125
2012-10-16,3724.64875
2012-10-17,7414.21708333
2012-10-18,6603.54958333
2012-10-19,4485.04791667
2012-10-02,2410.18083333
2012-10-20,1900.65708333
2012-10-21,4793.68625
2012-10-22,3066.09458333
2012-10-23,2832.73541667
2012-10-24,3921.62333333
2012-10-25,8333.55625
2012-10-26,4215.79041667
2012-10-27,1026.06666667
2012-10-28,2736.18
2012-10-29,4967.42041667
2012-10-03,3874.01958333
2012-10-30,3892.825
2012-10-31,2505.55375
2012-10-04,7164.0925
2012-10-05,5474.16583333
2012-10-06,3532.77916667
2012-10-07,2807.25291667
2012-10-08,6712.7725
2012-10-09,5383.68833333
2012-11-01,3810.69916667
2012-11-10,6873.09291667
2012-11-11,6589.38458333
2012-11-12,6030.50208333
2012-11-13,2513.515
2012-11-14,3957.92458333
2012-11-15,4033.58416667
2012-11-16,3345.39041667
2012-11-17,6459.7725
2012-11-18,6635.81083333
2012-11-19,4237.34583333
2012-11-02,2197.37791667
2012-11-20,2493.75708333
2012-11-21,6840.10583333
2012-11-22,8847.52083333
2012-11-23,8015.76625
2012-11-24,3547.93583333
2012-11-25,3328.48083333
2012-11-26,2944.50375
2012-11-27,3762.66166667
2012-11-28,3389.33875
2012-11-29,3734.14541667
2012-11-03,503.693333333
2012-11-30,3289.09958333
2012-11-04,767.0375
2012-11-05,1468.76291667
2012-11-06,5799.60208333
2012-11-07,2329.385
2012-11-08,5091.5025
2012-11-09,4351.07416667
2012-12-01,4810.8325
2012-12-10,4218.59916667
2012-12-11,3448.59916667
2012-12-12,7326.58375
2012-12-13,4567.83166667
2012-12-14,4031.45916667
2012-12-15,4639.15625
2012-12-16,2229.92958333
2012-12-17,203.72875
2012-12-18,1713.40833333
2012-12-19,2523.25291667
2012-12-02,3366.43375
2012-12-20,8131.59875
2012-12-21,4841.56333333
2012-12-22,4727.81916667
2012-12-23,2740.33333333
2012-12-24,3382.1075
2012-12-25,3368.86583333
2012-12-26,2736.95333333
2012-12-27,1855.00208333
2012-12-28,1062.76291667
2012-12-29,2359.71
2012-12-03,8192.44333333
2012-12-30,5611.28
2012-12-31,4202.44458333
2012-12-04,4007.48
2012-12-05,6407.11
2012-12-06,5073.60291667
2012-12-07,1487.43541667
2012-12-08,2205.84708333
2012-12-09,5589.71791667
2012-02-01,1224.11458333
2012-02-10,6937.0575
2012-02-11,5733.76375
2012-02-12,4188.08
2012-02-13,3054.84625
2012-02-14,2106.97458333
2012-02-15,1816.80083333
2012-02-16,3480.27041667
2012-02-17,4040.9675
2012-02-18,1682.01125
2012-02-19,3632.88
2012-02-02,749.75
2012-02-20,5863.60666667
2012-02-21,5311.59958333
2012-02-22,1509.30541667
2012-02-23,2818.15625
2012-02-24,6552.57125
2012-02-25,3963.86
2012-02-26,7464.745
2012-02-27,3729.945
2012-02-28,4794.78041667
2012-02-29,5604.375
2012-02-03,2154.79666667
2012-02-04,3181.25083333
2012-02-05,1209.11708333
2012-02-06,2441.44
2012-02-07,3602.48708333
2012-02-08,1428.71375
2012-02-09,5066.21625
2012-03-01,1314.35833333
2012-03-10,6909.54541667
2012-03-11,5856.56583333
2012-03-12,4398.40458333
2012-03-13,3900.5525
2012-03-14,4159.72291667
2012-03-15,1871.55
2012-03-16,3635.49875
2012-03-17,6540.97541667
2012-03-18,6501.74708333
2012-03-19,6212.90958333
2012-03-02,4571.81958333
2012-03-20,2554.49208333
2012-03-21,2130.24833333
2012-03-22,1998.57833333
2012-03-23,629.594583333
2012-03-24,1525.21
2012-03-25,2786.03416667
2012-03-26,6906.17208333
2012-03-27,7023.28791667
2012-03-28,3051.24166667
2012-03-29,4968.47458333
2012-03-03,6049.22541667
2012-03-30,1831.45
2012-03-31,3783.465
2012-03-04,1646.24125
2012-03-05,4081.12458333
2012-03-06,6624.17083333
2012-03-07,6503.29958333
2012-03-08,5935.60458333
2012-03-09,4205.23
2012-04-01,4334.45291667
2012-04-10,3953.41916667
2012-04-11,1585.33208333
2012-04-12,3985.17208333
2012-04-13,6522.3
2012-04-14,3237.17708333
2012-04-15,6107.18083333
2012-04-16,5626.23541667
2012-04-17,3045.8375
2012-04-18,3888.68083333
2012-04-19,4943.755
2012-04-02,6139.94916667
2012-04-20,3394.25666667
2012-04-21,3900.075
2012-04-22,3213.54916667
2012-04-23,2143.08333333
2012-04-24,2467.94083333
2012-04-25,4196.77458333
2012-04-26,4529.29791667
2012-04-27,6726.65541667
2012-04-28,4486.36416667
2012-04-29,2810.44208333
2012-04-03,5322.82875
2012-04-30,1514.13083333
2012-04-04,3784.72333333
2012-04-05,3850.55708333
2012-04-06,5731.49458333
2012-04-07,5788.70416667
2012-04-08,5434.57625
2012-04-09,5486.06375
2012-05-01,4952.67375
2012-05-10,4783.30666667
2012-05-11,5549.33875
2012-05-12,1834.19041667
2012-05-13,1411.64541667
2012-05-14,2088.50875
2012-05-15,4961.965
2012-05-16,2545.73583333
2012-05-17,6421.73708333
2012-05-18,6660.9225
2012-05-19,6127.0975
2012-05-02,2416.29833333
2012-05-20,4665.99125
2012-05-21,1776.0425
2012-05-22,5635.16583333
2012-05-23,5878.63541667
2012-05-24,4171.765
2012-05-25,1494.04541667
2012-05-26,5557.3825
2012-05-27,6184.77541667
2012-05-28,3979.83208333
2012-05-29,5440.17583333
2012-05-03,2368.49458333
2012-05-30,1437.01666667
2012-05-31,1964.81958333
2012-05-04,3195.87
2012-05-05,3682.92875
2012-05-06,3999.31625
2012-05-07,4620.48416667
2012-05-08,4271.81708333
2012-05-09,1682.57041667
2012-06-01,1521.85875
2012-06-10,5725.42791667
2012-06-11,4696.32583333
2012-06-12,2279.81
2012-06-13,4474.91125
2012-06-14,5649.91041667
2012-06-15,2041.71208333
2012-06-16,2624.28166667
2012-06-17,3890.89416667
2012-06-18,4508.14416667
2012-06-19,6102.16625
2012-06-02,2139.98125
2012-06-20,5093.665
2012-06-21,2451.39708333
2012-06-22,819.805416667
2012-06-23,2879.16416667
2012-06-24,2179.8125
2012-06-25,3404.89083333
2012-06-26,5282.06166667
2012-06-27,4872.585
2012-06-28,2314.2175
2012-06-29,992.714166667
2012-06-03,2527.20791667
2012-06-30,596.196666667
2012-06-04,1528.20833333
2012-06-05,1558.43916667
2012-06-06,2522.22625
2012-06-07,2337.96875
2012-06-08,4468.06666667
2012-06-09,5918.92458333
2012-07-01,1188.8275
2012-07-10,927.83875
2012-07-11,1504.23166667
2012-07-12,2138.28125
2012-07-13,1376.22666667
2012-07-14,786.4225
2012-07-15,2002.49875
2012-07-16,4215.57333333
2012-07-17,2054.50416667
2012-07-18,1061.0325
2012-07-19,1152.91958333
2012-07-02,3001.69625
2012-07-20,1637.39083333
2012-07-21,2234.92458333
2012-07-22,2545.3325
2012-07-23,1908.11083333
2012-07-24,3278.6075
2012-07-25,3982.48083333
2012-07-26,2418.6925
2012-07-27,1441.97375
2012-07-28,1831.86166667
2012-07-29,1405.24583333
2012-07-03,3144.57083333
2012-07-30,1116.51708333
2012-07-31,1158.22791667
2012-07-04,3598.26166667
2012-07-05,1851.26083333
2012-07-06,2397.43458333
2012-07-07,2360.25166667
2012-07-08,1126.40833333
2012-07-09,861.245833333
2012-08-01,1917.57916667
2012-08-10,2074.3125
2012-08-11,1216.46666667
2012-08-12,1640.83708333
2012-08-13,821.34
2012-08-14,1016.61125
2012-08-15,3721.11791667
2012-08-16,5039.06375
2012-08-17,883.510833333
2012-08-18,837.545
2012-08-19,913.036666667
2012-08-02,1040.49875
2012-08-20,354.656666667
2012-08-21,1540.26541667
2012-08-22,3629.05458333
2012-08-23,4703.82416667
2012-08-24,3739.70916667
2012-08-25,2322.025
2012-08-26,891.007916667
2012-08-27,527.25875
2012-08-28,2334.91083333
2012-08-29,4229.99666667
2012-08-03,2189.12625
2012-08-30,5609.87
2012-08-31,2905.46083333
2012-08-04,3026.50083333
2012-08-05,1674.07041667
2012-08-06,2002.54708333
2012-08-07,1564.89041667
2012-08-08,1541.21666667
2012-08-09,2574.0025
2012-09-01,3328.91041667
2012-09-10,5595.85041667
2012-09-11,6617.77875
2012-09-12,3857.6175
2012-09-13,1498.94125
2012-09-14,2056.4225
2012-09-15,4483.37875
2012-09-16,3772.02333333
2012-09-17,2951.35708333
2012-09-18,2271.49
2012-09-19,5962.55875
2012-09-02,2803.63208333
2012-09-20,2686.965
2012-09-21,2593.68416667
2012-09-22,3948.74833333
2012-09-23,929.934583333
2012-09-24,5057.8025
2012-09-25,2003.42541667
2012-09-26,1535.58958333
2012-09-27,1117.22291667
2012-09-28,796.934583333
2012-09-29,1442.19
2012-09-03,1473.10083333
2012-09-30,1391.92416667
2012-09-04,1484.6625
2012-09-05,2385.88666667
2012-09-06,1424.58583333
2012-09-07,3592.17708333
2012-09-08,4696.42791667
2012-09-09,1850.93791667
2012-01-01,7710.45458333
2012-01-02,5966.35333333
2012-01-03,5238.87791667
2012-01-04,4788.4125
2012-01-05,4684.36083333
2012-01-06,5773.56041667
2012-01-07,2619.465
2012-01-08,1931.60916667
2012-01-09,5370.51833333
2012-01-10,3081.85375
2012-01-11,6062.94583333
2012-01-12,7442.66708333
2012-01-13,2706.14166667
2012-01-14,1303.79791667
2012-01-15,5794.57708333
2012-01-16,5723.20875
2012-01-17,5476.52041667
2012-01-18,6205.39208333
2012-01-19,3500.41208333
2012-01-20,1425.25125
2012-01-21,4401.38791667
2012-01-22,4471.30875
2012-01-23,4545.82916667
2012-01-24,1535.04708333
2012-01-25,2926.60625
2012-01-26,5184.60541667
2012-01-27,5311.61583333
2012-01-28,6099.18416667
2012-01-29,3804.75791667
2012-01-30,5075.42916667
2012-01-31,5273.8425
2012-02-01,1224.11458333
2012-02-02,749.75
2012-02-03,2154.79666667
2012-02-04,3181.25083333
2012-02-05,1209.11708333
2012-02-06,2441.44
2012-02-07,3602.48708333
2012-02-08,1428.71375
2012-02-09,5066.21625
2012-02-10,6937.0575
2012-02-11,5733.76375
2012-02-12,4188.08
2012-02-13,3054.84625
2012-02-14,2106.97458333
2012-02-15,1816.80083333
2012-02-16,3480.27041667
2012-02-17,4040.9675
2012-02-18,1682.01125
2012-02-19,3632.88
2012-02-20,5863.60666667
2012-02-21,5311.59958333
2012-02-22,1509.30541667
2012-02-23,2818.15625
2012-02-24,6552.57125
2012-02-25,3963.86
2012-02-26,7464.745
2012-02-27,3729.945
2012-02-28,4794.78041667
2012-02-29,5604.375
2012-03-01,1314.35833333
2012-03-02,4571.81958333
2012-03-03,6049.22541667
2012-03-04,1646.24125
2012-03-05,4081.12458333
2012-03-06,6624.17083333
2012-03-07,6503.29958333
2012-03-08,5935.60458333
2012-03-09,4205.23
2012-03-10,6909.54541667
2012-03-11,5856.56583333
2012-03-12,4398.40458333
2012-03-13,3900.5525
2012-03-14,4159.72291667
2012-03-15,1871.55
2012-03-16,3635.49875
2012-03-17,6540.97541667
2012-03-18,6501.74708333
2012-03-19,6212.90958333
2012-03-20,2554.49208333
2012-03-21,2130.24833333
2012-03-22,1998.57833333
2012-03-23,629.594583333
2012-03-24,1525.21
2012-03-25,2786.03416667
2012-03-26,6906.17208333
2012-03-27,7023.28791667
2012-03-28,3051.24166667
2012-03-29,4968.47458333
2012-03-30,1831.45
2012-03-31,3783.465
2012-04-01,4334.45291667
2012-04-02,6139.94916667
2012-04-03,5322.82875
2012-04-04,3784.72333333
2012-04-05,3850.55708333
2012-04-06,5731.49458333
2012-04-07,5788.70416667
2012-04-08,5434.57625
2012-04-09,5486.06375
2012-04-10,3953.41916667
2012-04-11,1585.33208333
2012-04-12,3985.17208333
2012-04-13,6522.3
2012-04-14,3237.17708333
2012-04-15,6107.18083333
2012-04-16,5626.23541667
2012-04-17,3045.8375
2012-04-18,3888.68083333
2012-04-19,4943.755
2012-04-20,3394.25666667
2012-04-21,3900.075
2012-04-22,3213.54916667
2012-04-23,2143.08333333
2012-04-24,2467.94083333
2012-04-25,4196.77458333
2012-04-26,4529.29791667
2012-04-27,6726.65541667
2012-04-28,4486.36416667
2012-04-29,2810.44208333
2012-04-30,1514.13083333
2012-05-01,4952.67375
2012-05-02,2416.29833333
2012-05-03,2368.49458333
2012-05-04,3195.87
2012-05-05,3682.92875
2012-05-06,3999.31625
2012-05-07,4620.48416667
2012-05-08,4271.81708333
2012-05-09,1682.57041667
2012-05-10,4783.30666667
2012-05-11,5549.33875
2012-05-12,1834.19041667
2012-05-13,1411.64541667
2012-05-14,2088.50875
2012-05-15,4961.965
2012-05-16,2545.73583333
2012-05-17,6421.73708333
2012-05-18,6660.9225
2012-05-19,6127.0975
2012-05-20,4665.99125
2012-05-21,1776.0425
2012-05-22,5635.16583333
2012-05-23,5878.63541667
2012-05-24,4171.765
2012-05-25,1494.04541667
2012-05-26,5557.3825
2012-05-27,6184.77541667
2012-05-28,3979.83208333
2012-05-29,5440.17583333
2012-05-30,1437.01666667
2012-05-31,1964.81958333
2012-06-01,1521.85875
2012-06-02,2139.98125
2012-06-03,2527.20791667
2012-06-04,1528.20833333
2012-06-05,1558.43916667
2012-06-06,2522.22625
2012-06-07,2337.96875
2012-06-08,4468.06666667
2012-06-09,5918.92458333
2012-06-10,5725.42791667
2012-06-11,4696.32583333
2012-06-12,2279.81
2012-06-13,4474.91125
2012-06-14,5649.91041667
2012-06-15,2041.71208333
2012-06-16,2624.28166667
2012-06-17,3890.89416667
2012-06-18,4508.14416667
2012-06-19,6102.16625
2012-06-20,5093.665
2012-06-21,2451.39708333
2012-06-22,819.805416667
2012-06-23,2879.16416667
2012-06-24,2179.8125
2012-06-25,3404.89083333
2012-06-26,5282.06166667
2012-06-27,4872.585
2012-06-28,2314.2175
2012-06-29,992.714166667
2012-06-30,596.196666667
2012-07-01,1188.8275
2012-07-02,3001.69625
2012-07-03,3144.57083333
2012-07-04,3598.26166667
2012-07-05,1851.26083333
2012-07-06,2397.43458333
2012-07-07,2360.25166667
2012-07-08,1126.40833333
2012-07-09,861.245833333
2012-07-10,927.83875
2012-07-11,1504.23166667
2012-07-12,2138.28125
2012-07-13,1376.22666667
2012-07-14,786.4225
2012-07-15,2002.49875
2012-07-16,4215.57333333
2012-07-17,2054.50416667
2012-07-18,1061.0325
2012-07-19,1152.91958333
2012-07-20,1637.39083333
2012-07-21,2234.92458333
2012-07-22,2545.3325
2012-07-23,1908.11083333
2012-07-24,3278.6075
2012-07-25,3982.48083333
2012-07-26,2418.6925
2012-07-27,1441.97375
2012-07-28,1831.86166667
2012-07-29,1405.24583333
2012-07-30,1116.51708333
2012-07-31,1158.22791667
2012-08-01,1917.57916667
2012-08-02,1040.49875
2012-08-03,2189.12625
2012-08-04,3026.50083333
2012-08-05,1674.07041667
2012-08-06,2002.54708333
2012-08-07,1564.89041667
2012-08-08,1541.21666667
2012-08-09,2574.0025
2012-08-10,2074.3125
2012-08-11,1216.46666667
2012-08-12,1640.83708333
2012-08-13,821.34
2012-08-14,1016.61125
2012-08-15,3721.11791667
2012-08-16,5039.06375
2012-08-17,883.510833333
2012-08-18,837.545
2012-08-19,913.036666667
2012-08-20,354.656666667
2012-08-21,1540.26541667
2012-08-22,3629.05458333
2012-08-23,4703.82416667
2012-08-24,3739.70916667
2012-08-25,2322.025
2012-08-26,891.007916667
2012-08-27,527.25875
2012-08-28,2334.91083333
2012-08-29,4229.99666667
2012-08-30,5609.87
2012-08-31,2905.46083333
2012-09-01,3328.91041667
2012-09-02,2803.63208333
2012-09-03,1473.10083333
2012-09-04,1484.6625
2012-09-05,2385.88666667
2012-09-06,1424.58583333
2012-09-07,3592.17708333
2012-09-08,4696.42791667
2012-09-09,1850.93791667
2012-09-10,5595.85041667
2012-09-11,6617.77875
2012-09-12,3857.6175
2012-09-13,1498.94125
2012-09-14,2056.4225
2012-09-15,4483.37875
2012-09-16,3772.02333333
2012-09-17,2951.35708333
2012-09-18,2271.49
2012-09-19,5962.55875
2012-09-20,2686.965
2012-09-21,2593.68416667
2012-09-22,3948.74833333
2012-09-23,929.934583333
2012-09-24,5057.8025
2012-09-25,2003.42541667
2012-09-26,1535.58958333
2012-09-27,1117.22291667
2012-09-28,796.934583333
2012-09-29,1442.19
2012-09-30,1391.92416667
2012-10-01,4151.15666667
2012-10-02,2410.18083333
2012-10-03,3874.01958333
2012-10-04,7164.0925
2012-10-05,5474.16583333
2012-10-06,3532.77916667
2012-10-07,2807.25291667
2012-10-08,6712.7725
2012-10-09,5383.68833333
2012-10-10,4064.77
2012-10-11,5465.80166667
2012-10-12,5350.00291667
2012-10-13,4582.28
2012-10-14,5622.14708333
2012-10-15,2988.44125
2012-10-16,3724.64875
2012-10-17,7414.21708333
2012-10-18,6603.54958333
2012-10-19,4485.04791667
2012-10-20,1900.65708333
2012-10-21,4793.68625
2012-10-22,3066.09458333
2012-10-23,2832.73541667
2012-10-24,3921.62333333
2012-10-25,8333.55625
2012-10-26,4215.79041667
2012-10-27,1026.06666667
2012-10-28,2736.18
2012-10-29,4967.42041667
2012-10-30,3892.825
2012-10-31,2505.55375
2012-11-01,3810.69916667
2012-11-02,2197.37791667
2012-11-03,503.693333333
2012-11-04,767.0375
2012-11-05,1468.76291667
2012-11-06,5799.60208333
2012-11-07,2329.385
2012-11-08,5091.5025
2012-11-09,4351.07416667
2012-11-10,6873.09291667
2012-11-11,6589.38458333
2012-11-12,6030.50208333
2012-11-13,2513.515
2012-11-14,3957.92458333
2012-11-15,4033.58416667
2012-11-16,3345.39041667
2012-11-17,6459.7725
2012-11-18,6635.81083333
2012-11-19,4237.34583333
2012-11-20,2493.75708333
2012-11-21,6840.10583333
2012-11-22,8847.52083333
2012-11-23,8015.76625
2012-11-24,3547.93583333
2012-11-25,3328.48083333
2012-11-26,2944.50375
2012-11-27,3762.66166667
2012-11-28,3389.33875
2012-11-29,3734.14541667
2012-11-30,3289.09958333
2012-12-01,4810.8325
2012-12-02,3366.43375
2012-12-03,8192.44333333
2012-12-04,4007.48
2012-12-05,6407.11
2012-12-06,5073.60291667
2012-12-07,1487.43541667
2012-12-08,2205.84708333
2012-12-09,5589.71791667
2012-12-10,4218.59916667
2012-12-11,3448.59916667
2012-12-12,7326.58375
2012-12-13,4567.83166667
2012-12-14,4031.45916667
2012-12-15,4639.15625
2012-12-16,2229.92958333
2012-12-17,203.72875
2012-12-18,1713.40833333
2012-12-19,2523.25291667
2012-12-20,8131.59875
2012-12-21,4841.56333333
2012-12-22,4727.81916667
2012-12-23,2740.33333333
2012-12-24,3382.1075
2012-12-25,3368.86583333
2012-12-26,2736.95333333
2012-12-27,1855.00208333
2012-12-28,1062.76291667
2012-12-29,2359.71
2012-12-30,5611.28
2012-12-31,4202.44458333
2013-01-01,2037.36375
2013-01-02,3437.08916667
2013-01-03,5629.44708333
2013-01-04,6290.32583333
2013-01-05,6303.08083333
2013-01-06,4945.15541667
2013-01-07,6170.32708333
2013-01-08,6271.56291667
2013-01-09,6553.95125
2013-01-10,7522.70583333
2013-01-11,6094.42083333
2013-01-12,6681.41083333
2013-01-13,3563.77458333
2013-01-14,1860.25291667
2013-01-15,5244.78125
2013-01-16,6752.26166667
2013-01-17,2166.33625
2013-01-18,7360.48333333
2013-01-19,8188.59
2013-01-20,5099.46458333
2013-01-21,6824.79041667
2013-01-22,1553.05
2013-01-23,5053.86208333
2013-01-24,4323.9275
2013-01-25,5612.99291667
2013-01-26,3805.56208333
2013-01-27,4382.04791667
2013-01-28,1830.07416667
2013-01-29,4401.79791667
2013-01-30,7536.315
2013-01-31,7991.99166667
2013-02-01,3754.6525
2013-02-02,3011.59958333
2013-02-03,3885.15125
2013-02-04,2914.53083333
2013-02-05,4651.19083333
2013-02-06,3936.30583333
2013-02-07,3366.70041667
2013-02-08,3004.27208333
2013-02-09,5954.07333333
2013-02-10,7322.44833333
2013-02-11,8551.55708333
2013-02-12,4093.295
2013-02-13,3349.175
2013-02-14,6379.99208333
2013-02-15,3623.50625
2013-02-16,1483.1325
2013-02-17,6161.65625
2013-02-18,8379.7925
2013-02-19,8762.67625
2013-02-20,3259.21458333
2013-02-21,5429.20916667
2013-02-22,3396.48666667
2013-02-23,1796.11125
2013-02-24,1269.6075
2013-02-25,1280.30291667
2013-02-26,5696.40875
2013-02-27,7261.03708333
2013-02-28,4419.12833333
2013-03-01,2914.15041667
2013-03-02,1618.74125
2013-03-03,4469.31166667
2013-03-04,4832.39041667
2013-03-05,5570.38625
2013-03-06,2550.78458333
2013-03-07,3723.09791667
2013-03-08,4757.66583333
2013-03-09,6070.58125
2013-03-10,7499.70125
2013-03-11,5320.72
2013-03-12,7645.56
2013-03-13,3713.47208333
2013-03-14,2955.45208333
2013-03-15,2817.80791667
2013-03-16,3368.88583333
2013-03-17,5385.48291667
2013-03-18,7380.5325
2013-03-19,6504.67958333
2013-03-20,6723.7425
2013-03-21,1697.54291667
2013-03-22,734.85125
2013-03-23,1311.46291667
2013-03-24,5607.61958333
2013-03-25,6760.27833333
2013-03-26,1749.8725
2013-03-27,1709.50666667
2013-03-28,1847.91916667
2013-03-29,3183.11416667
2013-03-30,4373.22875
2013-03-31,6372.93208333
2013-04-01,4360.62041667
2013-04-02,1797.41791667
2013-04-03,4917.86375
2013-04-04,5183.48916667
2013-04-05,5276.52166667
2013-04-06,6375.33416667
2013-04-07,2766.68541667
2013-04-08,3600.27875
2013-04-09,6191.09166667
2013-04-10,4220.70583333
2013-04-11,3471.27541667
2013-04-12,4101.63041667
2013-04-13,3179.36666667
2013-04-14,7307.86166667
2013-04-15,6504.5475
2013-04-16,2394.35791667
2013-04-17,4978.0675
2013-04-18,6765.17458333
2013-04-19,8185.13166667
2013-04-20,2735.09416667
2013-04-21,6191.52708333
2013-04-22,4711.56583333
2013-04-23,5709.58125
2013-04-24,4839.65916667
2013-04-25,4338.16208333
2013-04-26,5822.56916667
2013-04-27,2961.46625
2013-04-28,5274.26458333
2013-04-29,3372.04958333
2013-04-30,6763.90583333
2013-05-01,7063.31541667
2013-05-02,6883.00041667
2013-05-03,6338.265
2013-05-04,5212.24875
2013-05-05,1879.71708333
2013-05-06,882.46375
2013-05-07,739.341666667
2013-05-08,1560.02625
2013-05-09,3810.79916667
2013-05-10,3935.10833333
2013-05-11,6659.21125
2013-05-12,2718.20458333
2013-05-13,5093.76
2013-05-14,6052.325
2013-05-15,3202.59041667
2013-05-16,1947.89375
2013-05-17,3199.33166667
2013-05-18,3944.5825
2013-05-19,4918.0575
2013-05-20,6206.50916667
2013-05-21,4023.41833333
2013-05-22,4037.97416667
2013-05-23,4618.36375
2013-05-24,5406.74541667
2013-05-25,5882.11375
2013-05-26,5523.65916667
2013-05-27,3528.685
2013-05-28,1501.14916667
2013-05-29,4247.40416667
2013-05-30,7026.63
2013-05-31,6944.18875
2013-06-01,4922.12
2013-06-02,2394.77416667
2013-06-03,2906.06416667
2013-06-04,4117.35583333
2013-06-05,1659.38375
2013-06-06,1343.50833333
2013-06-07,726.187083333
2013-06-08,4074.47833333
2013-06-09,3917.29958333
2013-06-10,862.854166667
2013-06-11,2170.70458333
2013-06-12,4450.74458333
2013-06-13,2684.34875
2013-06-14,4985.32458333
2013-06-15,2674.3225
2013-06-16,1976.56791667
2013-06-17,2303.82458333
2013-06-18,1312.08375
2013-06-19,3143.62666667
2013-06-20,6271.07583333
2013-06-21,5539.55708333
2013-06-22,3511.21916667
2013-06-23,3900.46541667
2013-06-24,2865.3675
2013-06-25,2749.8425
2013-06-26,2649.49208333
2013-06-27,3779.98125
2013-06-28,6792.73625
2013-06-29,5186.56583333
2013-06-30,2465.77166667
2013-07-01,2062.63041667
2013-07-02,975.09375
2013-07-03,890.78
2013-07-04,3889.92291667
2013-07-05,5195.43958333
2013-07-06,4688.68625
2013-07-07,2872.91333333
2013-07-08,1381.02041667
2013-07-09,2656.09666667
2013-07-10,2478.49125
2013-07-11,2937.32333333
2013-07-12,5964.63791667
2013-07-13,4495.145
2013-07-14,2808.68541667
2013-07-15,1568.80416667
2013-07-16,2128.99291667
2013-07-17,1807.4575
2013-07-18,4855.11083333
2013-07-19,3958.89583333
2013-07-20,829.358333333
2013-07-21,1254.12291667
2013-07-22,2977.355
2013-07-23,2043.42166667
2013-07-24,644.48875
2013-07-25,2715.80583333
2013-07-26,4545.1675
2013-07-27,2650.78458333
2013-07-28,1762.93916667
2013-07-29,1647.34291667
2013-07-30,577.070416667
2013-07-31,870.795416667
2013-08-01,1257.30333333
2013-08-02,1413.23541667
2013-08-03,999.01875
2013-08-04,1346.76041667
2013-08-05,1508.31333333
2013-08-06,1626.74125
2013-08-07,1496.75708333
2013-08-08,911.76875
2013-08-09,1366.25541667
2013-08-10,420.223333333
2013-08-11,1110.06416667
2013-08-12,1148.79333333
2013-08-13,1520.84375
2013-08-14,866.6575
2013-08-15,1023.5475
2013-08-16,1102.51
2013-08-17,2211.98958333
2013-08-18,2763.84208333
2013-08-19,3400.64666667
2013-08-20,3969.00041667
2013-08-21,3617.62875
2013-08-22,1560.20916667
2013-08-23,2546.71291667
2013-08-24,5455.14208333
2013-08-25,6090.11791667
2013-08-26,4970.54
2013-08-27,3573.16458333
2013-08-28,1228.44958333
2013-08-29,1779.70916667
2013-08-30,2021.29875
2013-08-31,1172.70041667
2013-09-01,3104.2375
2013-09-02,1506.04833333
2013-09-03,1084.16583333
2013-09-04,1233.03083333
2013-09-05,1577.14375
2013-09-06,3758.09375
2013-09-07,2724.23416667
2013-09-08,2349.24666667
2013-09-09,4015.07166667
2013-09-10,2827.1225
2013-09-11,1548.36625
2013-09-12,3180.92208333
2013-09-13,2030.99333333
2013-09-14,4457.98291667
2013-09-15,3744.78125
2013-09-16,2493.15083333
2013-09-17,4273.86291667
2013-09-18,5042.36458333
2013-09-19,4854.19
2013-09-20,4285.48666667
2013-09-21,1812.62791667
2013-09-22,5046.47666667
2013-09-23,5867.18291667
2013-09-24,2044.465
2013-09-25,2966.79625
2013-09-26,5941.54958333
2013-09-27,6068.54625
2013-09-28,5290.65333333
2013-09-29,4621.67791667
2013-09-30,5711.06
2013-10-01,4186.88458333
2013-10-02,3723.80708333
2013-10-03,2465.25125
2013-10-04,4684.72791667
2013-10-05,4124.84625
2013-10-06,3313.86416667
2013-10-07,2972.95375
2013-10-08,5916.68958333
2013-10-09,5044.74125
2013-10-10,4966.41916667
2013-10-11,6953.09791667
2013-10-12,5569.83958333
2013-10-13,1452.77291667
2013-10-14,5895.925
2013-10-15,6685.76708333
2013-10-16,2844.99583333
2013-10-17,2899.29958333
2013-10-18,3528.81958333
2013-10-19,3478.27333333
2013-10-20,4925.92833333
2013-10-21,3440.28458333
2013-10-22,1778.69333333
2013-10-23,2123.175
2013-10-24,3361.15083333
2013-10-25,5949.55458333
2013-10-26,6034.79916667
2013-10-27,5233.33666667
2013-10-28,5608.98875
2013-10-29,3006.59458333
2013-10-30,1980.61
2013-10-31,3454.28291667
2013-11-01,5761.74458333
2013-11-02,2989.02416667
2013-11-03,7232.315
2013-11-04,6397.87708333
2013-11-05,4259.37208333
2013-11-06,5314.90208333
2013-11-07,3866.29875
2013-11-08,6169.42041667
2013-11-09,7994.61791667
2013-11-10,4167.64041667
2013-11-11,7013.45
2013-11-12,3802.04541667
2013-11-13,8659.445
2013-11-14,5504.14333333
2013-11-15,4353.60541667
2013-11-16,7436.72708333
2013-11-17,6255.98583333
2013-11-18,5388.22541667
2013-11-19,6601.26583333
2013-11-20,6267.49541667
2013-11-21,5646.42166667
2013-11-22,5014.53833333
2013-11-23,4899.82125
2013-11-24,7017.81541667
2013-11-25,7569.36833333
2013-11-26,7153.045
2013-11-27,4571.51791667
2013-11-28,3913.74208333
2013-11-29,5071.22583333
2013-11-30,4201.85625
2013-12-01,1337.1675
2013-12-02,4073.14541667
2013-12-03,2881.71458333
2013-12-04,4524.9675
2013-12-05,7919.00416667
2013-12-06,4054.65458333
2013-12-07,1766.60291667
2013-12-08,2009.10833333
2013-12-09,6134.51666667
2013-12-10,5630.44333333
2013-12-11,4723.18666667
2013-12-12,4190.54666667
2013-12-13,4063.61958333
2013-12-14,3376.81583333
2013-12-15,2183.49666667
2013-12-16,3384.49041667
2013-12-17,6734.5225
2013-12-18,6387.78791667
2013-12-19,6036.57083333
2013-12-20,1683.08791667
2013-12-21,1253.55291667
2013-12-22,3729.6775
2013-12-23,4271.87458333
2013-12-24,4633.085
2013-12-25,4701.49708333
2013-12-26,3223.32666667
2013-12-27,5443.34166667
2013-12-28,7234.79416667
2013-12-29,6242.25583333
2013-12-30,1806.73916667
2013-12-31,2476.46833333
2014-01-01,3212.39583333
2014-01-02,2744.89666667
2014-01-03,7734.07291667
2014-01-04,8707.41791667
2014-01-05,8138.36458333
2014-01-06,7149.72208333
2014-01-07,2006.68875
2014-01-08,1354.80583333
2014-01-09,5145.24541667
2014-01-10,3355.05291667
2014-01-11,5224.0825
2014-01-12,7046.53791667
2014-01-13,6049.98166667
2014-01-14,8030.24583333
2014-01-15,5933.27708333
2014-01-16,8449.29208333
2014-01-17,5881.28583333
2014-01-18,6668.54833333
2014-01-19,8231.58291667
2014-01-20,5926.33041667
2014-01-21,4020.94208333
2014-01-22,7265.92958333
2014-01-23,5888.35
2014-01-24,8578.67625
2014-01-25,6013.77916667
2014-01-26,6656.09333333
2014-01-27,6908.59166667
2014-01-28,5132.32791667
2014-01-29,8667.70208333
2014-01-30,8151.48041667
2014-01-31,2708.44333333
2014-02-01,4095.68208333
2014-02-02,3083.47666667
2014-02-03,2971.34458333
2014-02-04,4437.79541667
2014-02-05,7258.15041667
2014-02-06,6239.62416667
2014-02-07,5763.8875
2014-02-08,1736.02791667
2014-02-09,4032.20916667
2014-02-10,2064.27083333
2014-02-11,5256.95
2014-02-12,3641.41791667
2014-02-13,6709.99583333
2014-02-14,4112.86208333
2014-02-15,4840.35125
2014-02-16,4241.80625
2014-02-17,6899.93416667
2014-02-18,6423.74083333
2014-02-19,5221.44666667
2014-02-20,6686.05458333
2014-02-21,7795.71208333
2014-02-22,5230.7275
2014-02-23,5971.35
2014-02-24,3380.25583333
2014-02-25,6471.035
2014-02-26,8013.89625
2014-02-27,4210.73583333
2014-02-28,5782.12875
2014-03-01,5825.9075
2014-03-02,4026.99625
2014-03-03,2755.54875
2014-03-04,2318.59333333
2014-03-05,3842.40041667
2014-03-06,6741.62458333
2014-03-07,7109.905
2014-03-08,3103.13708333
2014-03-09,7902.76791667
2014-03-10,4718.91458333
2014-03-11,6685.92041667
2014-03-12,4593.39416667
2014-03-13,6046.04583333
2014-03-14,7925.00333333
2014-03-15,5119.45291667
2014-03-16,4281.39791667
2014-03-17,6404.69583333
2014-03-18,5360.23541667
2014-03-19,5962.69875
2014-03-20,2763.11208333
2014-03-21,7182.89625
2014-03-22,6673.98041667
2014-03-23,1219.72083333
2014-03-24,3624.90375
2014-03-25,5087.46333333
2014-03-26,6676.13166667
2014-03-27,7260.9825
2014-03-28,3345.47
2014-03-29,3515.06833333
2014-03-30,6033.38708333
2014-03-31,8700.40833333
2014-04-01,6015.09583333
2014-04-02,4187.46166667
2014-04-03,5022.35375
2014-04-04,5794.51458333
2014-04-05,4722.78458333
2014-04-06,4327.35708333
2014-04-07,3225.21625
2014-04-08,5252.85125
2014-04-09,6773.67833333
2014-04-10,5991.13041667
2014-04-11,3121.5675
2014-04-12,5790.58375
2014-04-13,7504.19083333
2014-04-14,7456.66166667
2014-04-15,3381.45541667
2014-04-16,7786.03958333
2014-04-17,3948.03833333
2014-04-18,4655.43125
2014-04-19,6917.20041667
2014-04-20,3848.21458333
2014-04-21,5455.39875
2014-04-22,3986.24791667
2014-04-23,7267.03041667
2014-04-24,4379.0425
2014-04-25,2750.95875
2014-04-26,7039.66875
2014-04-27,8780.54916667
2014-04-28,8809.35791667
2014-04-29,7034.12708333
2014-04-30,6786.97
2014-05-01,6461.58791667
2014-05-02,5730.415
2014-05-03,4447.29625
2014-05-04,4306.45666667
2014-05-05,3377.43875
2014-05-06,7154.10875
2014-05-07,6471.28666667
2014-05-08,5956.00583333
2014-05-09,5963.82416667
2014-05-10,4289.11541667
2014-05-11,4241.41708333
2014-05-12,6241.72958333
2014-05-13,6597.255
2014-05-14,2540.27708333
2014-05-15,5052.71458333
2014-05-16,1121.03416667
2014-05-17,2131.41
2014-05-18,5997.14041667
2014-05-19,6712.55791667
2014-05-20,2812.83
2014-05-21,3624.03166667
2014-05-22,1999.25291667
2014-05-23,2245.55625
2014-05-24,3559.4525
2014-05-25,3019.24791667
2014-05-26,2063.985
2014-05-27,1221.2925
2014-05-28,2022.23333333
2014-05-29,2928.17791667
2014-05-30,2777.7875
2014-05-31,3318.15083333
2014-06-01,4227.86125
2014-06-02,5350.24333333
2014-06-03,2494.93958333
2014-06-04,1606.065
2014-06-05,2591.94083333
2014-06-06,1615.58875
2014-06-07,3531.14833333
2014-06-08,1994.12875
2014-06-09,1773.33791667
2014-06-10,1846.79208333
2014-06-11,2250.19625
2014-06-12,6000.92583333
2014-06-13,3584.20125
2014-06-14,6571.26083333
2014-06-15,5740.10708333
2014-06-16,5499.295
2014-06-17,4575.57166667
2014-06-18,5079.34833333
2014-06-19,3810.41208333
2014-06-20,1902.37458333
2014-06-21,1783.29833333
2014-06-22,1691.0725
2014-06-23,1132.39583333
2014-06-24,1079.8525
2014-06-25,719.921666667
2014-06-26,2821.62291667
2014-06-27,4737.80916667
2014-06-28,6063.52083333
2014-06-29,5148.45208333
2014-06-30,4403.70416667
2014-07-01,6943.21416667
2014-07-02,3205.9025
2014-07-03,682.02375
2014-07-04,3954.3825
2014-07-05,4026.87041667
2014-07-06,3955.33958333
2014-07-07,3281.32666667
2014-07-08,5752.82666667
2014-07-09,1041.34
2014-07-10,3727.48208333
2014-07-11,3518.27
2014-07-12,1752.19333333
2014-07-13,2886.71541667
2014-07-14,4926.5725
2014-07-15,2836.6775
2014-07-16,318.44625
2014-07-17,1139.40625
2014-07-18,3878.1225
2014-07-19,3520.21708333
2014-07-20,4685.53833333
2014-07-21,4061.705
2014-07-22,3903.3025
2014-07-23,2228.23125
2014-07-24,2683.09708333
2014-07-25,3690.50208333
2014-07-26,2303.97041667
2014-07-27,5981.88416667
2014-07-28,2015.39958333
2014-07-29,1136.60875
2014-07-30,565.017916667
2014-07-31,442.569583333
2014-08-01,268.198333333
2014-08-02,352.482083333
2014-08-03,620.255416667
2014-08-04,697.78625
2014-08-05,608.195
2014-08-06,1471.61125
2014-08-07,2067.70791667
2014-08-08,1515.86291667
2014-08-09,1865.9475
2014-08-10,1216.27375
2014-08-11,4145.11083333
2014-08-12,2827.4025
2014-08-13,1611.54208333
2014-08-14,1894.35875
2014-08-15,2312.0475
2014-08-16,1268.84333333
2014-08-17,1053.67
2014-08-18,1937.15375
2014-08-19,1429.83333333
2014-08-20,1972.87833333
2014-08-21,2407.66125
2014-08-22,795.44625
2014-08-23,2881.37916667
2014-08-24,3432.31083333
2014-08-25,2415.99083333
2014-08-26,1331.8275
2014-08-27,914.416666667
2014-08-28,2302.3375
2014-08-29,2817.79833333
2014-08-30,1995.56708333
2014-08-31,3905.39083333
2014-09-01,2861.40666667
2014-09-02,1650.09416667
2014-09-03,4997.00333333
2014-09-04,5808.16208333
2014-09-05,3309.17708333
2014-09-06,1754.14833333
2014-09-07,2796.15333333
2014-09-08,5012.52958333
2014-09-09,3975.81875
2014-09-10,6605.10083333
2014-09-11,2412.11541667
2014-09-12,1105.42458333
2014-09-13,3165.74458333
2014-09-14,2359.55625
2014-09-15,1764.5425
2014-09-16,1494.37625
2014-09-17,1425.61208333
2014-09-18,3257.97208333
2014-09-19,7246.16958333
2014-09-20,5514.68041667
2014-09-21,5040.90833333
2014-09-22,1868.775
2014-09-23,4385.02791667
2014-09-24,3821.77958333
2014-09-25,1725.73625
2014-09-26,3435.86666667
2014-09-27,3650.88
2014-09-28,1611.5075
2014-09-29,2104.745
2014-09-30,4640.16958333
2014-10-01,3129.2125
2014-10-02,2872.38916667
2014-10-03,8735.47708333
2014-10-04,6324.45666667
2014-10-05,3976.56333333
2014-10-06,5651.05833333
2014-10-07,6343.51666667
2014-10-08,3862.7175
2014-10-09,2048.40208333
2014-10-10,1455.305
2014-10-11,2927.35916667
2014-10-12,5630.32666667
2014-10-13,4568.43083333
2014-10-14,7562.0725
2014-10-15,3663.59083333
2014-10-16,5521.65291667
2014-10-17,7842.5625
2014-10-18,3049.41
2014-10-19,6275.09666667
2014-10-20,3310.01583333
2014-10-21,4196.9625
2014-10-22,6343.52291667
2014-10-23,2295.72791667
2014-10-24,3581.81791667
2014-10-25,4434.52416667
2014-10-26,6854.23
2014-10-27,5082.21375
2014-10-28,8425.30583333
2014-10-29,3157.91
2014-10-30,4322.1125
2014-10-31,5797.9825
2014-11-01,7061.89666667
2014-11-02,8003.62416667
2014-11-03,6784.89416667
2014-11-04,6824.65458333
2014-11-05,5087.255
2014-11-06,5706.86541667
2014-11-07,6906.56958333
2014-11-08,7113.53208333
2014-11-09,3622.4775
2014-11-10,7486.90625
2014-11-11,8862.28
2014-11-12,6885.62083333
2014-11-13,6126.31708333
2014-11-14,1301.73333333
2014-11-15,1816.61666667
2014-11-16,6070.61208333
2014-11-17,9637.83833333
2014-11-18,6422.34791667
2014-11-19,8426.43541667
2014-11-20,4827.44791667
2014-11-21,7921.39125
2014-11-22,7976.47375
2014-11-23,8045.91625
2014-11-24,10019.0329167
2014-11-25,4438.13458333
2014-11-26,4970.1625
2014-11-27,3652.74958333
2014-11-28,5141.3575
2014-11-29,7242.85083333
2014-11-30,9240.70333333
2014-12-01,4777.31666667
2014-12-02,5904.86541667
2014-12-03,5396.185
2014-12-04,5000.23666667
2014-12-05,1830.0525
2014-12-06,3916.85041667
2014-12-07,7998.11208333
2014-12-08,7848.75791667
2014-12-09,2902.16375
2014-12-10,3046.73
2014-12-11,2521.9275
2014-12-12,4663.30541667
2014-12-13,6602.7925
2014-12-14,5099.48083333
2014-12-15,4503.99833333
2014-12-16,6076.8575
2014-12-17,2246.16625
2014-12-18,315.566666667
2014-12-19,806.288333333
2014-12-20,1107.77583333
2014-12-21,6134.20666667
2014-12-22,5833.96583333
2014-12-23,5346.86083333
2014-12-24,4450.03
2014-12-25,5573.36958333
2014-12-26,3801.335
2014-12-27,4921.46291667
2014-12-28,2019.76083333
2014-12-29,4367.18
2014-12-30,4323.08583333
2014-12-31,8884.52833333
2015-01-01,6774.19583333
2015-01-02,2735.09875
2015-01-03,5281.87916667
2015-01-04,8827.30583333
2015-01-05,4181.99916667
2015-01-06,6850.39958333
2015-01-07,9180.015
2015-01-08,10690.085
2015-01-09,9821.84208333
2015-01-10,7246.5975
2015-01-11,3018.61583333
2015-01-12,5176.13208333
2015-01-13,4346.44083333
2015-01-14,3075.36458333
2015-01-15,6266.5675
2015-01-16,4922.58291667
2015-01-17,10290.5191667
2015-01-18,4327.61125
2015-01-19,3855.76291667
2015-01-20,2967.81666667
2015-01-21,2739.03333333
2015-01-22,3466.57833333
2015-01-23,7977.00583333
2015-01-24,4690.4775
2015-01-25,4923.555
2015-01-26,6050.37625
2015-01-27,2991.44708333
2015-01-28,6384.16208333
2015-01-29,9033.42208333
2015-01-30,4182.07166667
2015-01-31,4517.38375
2015-02-01,9052.7775
2015-02-02,4363.15291667
2015-02-03,2407.06125
2015-02-04,5615.0525
2015-02-05,7230.38625
2015-02-06,4398.14708333
2015-02-07,4547.50666667
2015-02-08,3054.95125
2015-02-09,1211.57416667
2015-02-10,5688.72291667
2015-02-11,9436.89041667
2015-02-12,4881.885
2015-02-13,5739.72125
2015-02-14,8148.73708333
2015-02-15,3311.36291667
2015-02-16,2296.04458333
2015-02-17,6311.40291667
2015-02-18,7987.24208333
2015-02-19,3241.47458333
2015-02-20,5869.32
2015-02-21,5288.01
2015-02-22,6134.04125
2015-02-23,5964.86291667
2015-02-24,9334.50833333
2015-02-25,5666.11625
2015-02-26,6167.51458333
2015-02-27,2419.325
2015-02-28,5875.86791667
2015-03-01,4626.4275
2015-03-02,4750.54791667
2015-03-03,7436.70791667
2015-03-04,6321.1375
2015-03-05,3382.00583333
2015-03-06,6330.28
2015-03-07,5551.84666667
2015-03-08,2951.40916667
2015-03-09,5991.61166667
2015-03-10,5226.78791667
2015-03-11,4459.51416667
2015-03-12,7726.98958333
2015-03-13,6491.60166667
2015-03-14,5318.8875
2015-03-15,6855.78041667
2015-03-16,7677.66041667
2015-03-17,5580.32291667
2015-03-18,2239.91958333
2015-03-19,3848.49208333
2015-03-20,4815.235
2015-03-21,5236.78708333
2015-03-22,7325.68666667
2015-03-23,3930.24166667
2015-03-24,5977.97458333
2015-03-25,7252.16041667
2015-03-26,5663.39416667
2015-03-27,2929.32041667
2015-03-28,4800.98916667
2015-03-29,9675.31541667
2015-03-30,6637.515
2015-03-31,2869.05833333
2015-04-01,8468.70875
2015-04-02,7194.91166667
2015-04-03,6367.18916667
2015-04-04,5096.35
2015-04-05,5873.14583333
2015-04-06,4844.26083333
2015-04-07,6165.76458333
2015-04-08,3138.75041667
2015-04-09,6901.25916667
2015-04-10,6121.08458333
2015-04-11,6670.60416667
2015-04-12,9389.4775
2015-04-13,7348.535
2015-04-14,3824.66916667
2015-04-15,7702.27625
2015-04-16,1866.67208333
2015-04-17,1284.15333333
2015-04-18,4597.09333333
2015-04-19,7162.355
2015-04-20,10195.5216667
2015-04-21,9792.22666667
2015-04-22,7672.61416667
2015-04-23,3141.29
2015-04-24,7017.69208333
2015-04-25,6220.61375
2015-04-26,2244.775
2015-04-27,2211.15625
2015-04-28,2033.71291667
2015-04-29,2973.78166667
2015-04-30,3306.97375
2015-05-01,4433.38958333
2015-05-02,5714.40125
2015-05-03,6064.30625
2015-05-04,4524.7125
2015-05-05,4396.98041667
2015-05-06,6909.22875
2015-05-07,8029.72375
2015-05-08,3331.96708333
2015-05-09,3053.04
2015-05-10,7169.46625
2015-05-11,8509.2075
2015-05-12,6517.64291667
2015-05-13,7726.83666667
2015-05-14,5881.76041667
2015-05-15,1878.47333333
2015-05-16,5386.00541667
2015-05-17,8560.18458333
2015-05-18,8874.12333333
2015-05-19,3691.13208333
2015-05-20,1546.41208333
2015-05-21,5139.41541667
2015-05-22,1793.01291667
2015-05-23,2752.93333333
2015-05-24,3466.355
2015-05-25,5022.15333333
2015-05-26,3501.24208333
2015-05-27,3050.41541667
2015-05-28,5242.88125
2015-05-29,5734.67708333
2015-05-30,6270.39166667
2015-05-31,3761.34166667
2015-06-01,4144.46375
2015-06-02,5659.88416667
2015-06-03,4141.33541667
2015-06-04,1327.84041667
2015-06-05,2534.71583333
2015-06-06,6394.32375
2015-06-07,4888.36625
2015-06-08,3778.41916667
2015-06-09,3412.06666667
2015-06-10,4215.46875
2015-06-11,4263.71625
2015-06-12,3303.605
2015-06-13,1117.6675
2015-06-14,1151.81208333
2015-06-15,3282.41
2015-06-16,2489.49458333
2015-06-17,1783.57875
2015-06-18,1801.20416667
2015-06-19,3522.16291667
2015-06-20,3615.18916667
2015-06-21,1443.76083333
2015-06-22,6204.69791667
2015-06-23,2032.29916667
2015-06-24,1998.18
2015-06-25,782.420416667
2015-06-26,1302.1525
2015-06-27,2151.41083333
2015-06-28,3657.50416667
2015-06-29,1929.7425
2015-06-30,1186.61333333
2015-07-01,1617.72583333
2015-07-02,1095.21458333
2015-07-03,320.367916667
2015-07-04,1711.60125
2015-07-05,5087.86666667
2015-07-06,5521.03541667
2015-07-07,3350.32916667
2015-07-08,1001.93958333
2015-07-09,1043.37833333
2015-07-10,2502.6225
2015-07-11,2664.89666667
2015-07-12,2535.42458333
2015-07-13,3056.07375
2015-07-14,2251.465
2015-07-15,1947.30166667
2015-07-16,2532.09291667
2015-07-17,2331.60916667
2015-07-18,3396.10666667
2015-07-19,2948.38958333
2015-07-20,4018.93166667
2015-07-21,1328.31916667
2015-07-22,1457.55625
2015-07-23,3070.87583333
2015-07-24,3539.11916667
2015-07-25,2012.40958333
2015-07-26,1506.04625
2015-07-27,3030.69291667
2015-07-28,4221.76666667
2015-07-29,5413.74291667
2015-07-30,3629.11416667
2015-07-31,2608.77291667
2015-08-01,2688.40541667
2015-08-02,5821.55708333
2015-08-03,1580.63333333
2015-08-04,886.556666667
2015-08-05,1542.50208333
2015-08-06,2824.81916667
2015-08-07,1819.85291667
2015-08-08,1510.5425
2015-08-09,1001.34458333
2015-08-10,1794.43083333
2015-08-11,1543.32708333
2015-08-12,1866.455
2015-08-13,3674.3575
2015-08-14,1944.32208333
2015-08-15,3634.73625
2015-08-16,4213.07416667
2015-08-17,1790.86375
2015-08-18,3036.09416667
2015-08-19,6056.02083333
2015-08-20,3376.43166667
2015-08-21,6872.69791667
2015-08-22,7019.76291667
2015-08-23,7742.085
2015-08-24,5718.53833333
2015-08-25,2539.38916667
2015-08-26,1390.51916667
2015-08-27,3258.33125
2015-08-28,4031.855
2015-08-29,1141.99875
2015-08-30,2762.74291667
2015-08-31,3938.25416667
2015-09-01,3072.17375
2015-09-02,4434.19625
2015-09-03,3191.69375
2015-09-04,3401.72208333
2015-09-05,5186.74958333
2015-09-06,5650.21791667
2015-09-07,2200.8325
2015-09-08,2634.26
2015-09-09,1890.03708333
2015-09-10,1930.57166667
2015-09-11,2862.21583333
2015-09-12,1805.64958333
2015-09-13,5528.5325
2015-09-14,6929.89666667
2015-09-15,8158.29958333
2015-09-16,7792.6775
2015-09-17,6011.35625
2015-09-18,3356.35291667
2015-09-19,3217.41208333
2015-09-20,4437.55375
2015-09-21,5677.69708333
2015-09-22,2537.96541667
2015-09-23,2455.82
2015-09-24,2956.05583333
2015-09-25,2892.78291667
2015-09-26,3993.10458333
2015-09-27,5461.10375
2015-09-28,3196.32583333
2015-09-29,4701.23291667
2015-09-30,4663.29333333
2015-10-01,5653.79708333
2015-10-02,6982.54375
2015-10-03,6271.20416667
2015-10-04,1929.67958333
2015-10-05,582.781666667
2015-10-06,770.278333333
2015-10-07,2718.14166667
2015-10-08,5848.32125
2015-10-09,3102.61125
2015-10-10,7309.98541667
2015-10-11,8654.21125
2015-10-12,9560.83666667
2015-10-13,4979.02208333
2015-10-14,2931.40375
2015-10-15,7422.90333333
2015-10-16,4546.90541667
2015-10-17,2708.88375
2015-10-18,7958.51708333
2015-10-19,9662.63875
2015-10-20,5279.765
2015-10-21,5317.04375
2015-10-22,3179.40541667
2015-10-23,6941.58041667
2015-10-24,7408.27083333
2015-10-25,2989.2725
2015-10-26,5467.43541667
2015-10-27,5922.1275
2015-10-28,10195.44875
2015-10-29,7468.34916667
2015-10-30,4611.34416667
2015-10-31,7157.20583333
2015-11-01,5710.57
2015-11-02,4422.25458333
2015-11-03,6938.10833333
2015-11-04,7983.76375
2015-11-05,8755.06708333
2015-11-06,6850.86208333
2015-11-07,4860.39583333
2015-11-08,7619.58
2015-11-09,6138.335
2015-11-10,5479.565
2015-11-11,6105.69208333
2015-11-12,11041.09
2015-11-13,7244.13083333
2015-11-14,7244.09166667
2015-11-15,8789.01458333
2015-11-16,9397.60375
2015-11-17,8271.84708333
2015-11-18,9564.20416667
2015-11-19,11583.5633333
2015-11-20,5316.03541667
