DATE,COMP,HE01,HE02,HE03,HE04,HE05,HE06,HE07,HE08,HE09,HE10,HE11,HE12,HE13,HE14,HE15,HE16,HE17,HE18,HE19,HE20,HE21,HE22,HE23,HE24,
1/1/2009,MIDATL,173,182,184,196,183,167,143,151,168,108,78,62,59,45,37,41,28,48,76,97,115,121,142,135,
1/2/2009,MIDATL,134,133,135,129,143,155,124,115,135,140,156,162,171,175,160,140,130,149,144,140,176,216,220,191,
1/3/2009,MIDATL,205,190,208,212,189,199,191,200,178,128,106,108,113,112,103,93,95,98,103,102,98,95,86,87,
1/4/2009,MIDATL,91,86,91,72,64,62,68,74,91,70,51,38,37,60,79,87,81,94,108,104,122,133,152,156,
1/5/2009,MIDATL,168,170,151,205,187,144,111,98,89,86,75,81,80,81,101,89,80,78,88,68,48,31,27,21,
1/6/2009,MIDATL,19,22,26,18,21,37,57,93,103,102,86,64,61,58,52,52,44,55,51,31,21,13,10,8,
1/7/2009,MIDATL,7,5,3,2,-2,-2,10,32,65,66,55,124,135,146,143,148,144,137,106,113,130,147,160,158,
1/8/2009,MIDATL,152,138,136,152,145,138,140,165,178,172,166,164,166,164,162,150,169,181,184,187,186,195,197,194,
1/9/2009,MIDATL,196,192,170,171,186,182,183,177,173,166,160,155,150,135,108,95,60,44,44,45,40,36,28,15,
1/10/2009,MIDATL,7,11,13,23,35,49,56,66,76,77,95,97,87,64,78,103,83,75,67,61,65,67,51,48,
1/11/2009,MIDATL,77,88,104,119,116,109,102,90,69,53,41,45,36,34,33,18,15,15,17,33,50,72,78,87,
1/12/2009,MIDATL,80,73,69,63,59,48,63,79,72,51,45,19,30,15,5,7,6,0,7,10,8,22,30,41,
1/13/2009,MIDATL,58,65,73,86,92,97,97,109,115,121,103,97,88,90,73,107,102,110,131,144,164,164,175,178,
1/14/2009,MIDATL,202,212,205,192,182,177,155,129,103,72,48,26,20,17,9,2,5,16,21,23,37,33,28,37,
1/15/2009,MIDATL,30,40,32,53,86,105,108,107,74,96,97,108,121,124,135,130,110,60,43,58,76,108,88,95,
1/16/2009,MIDATL,110,119,147,154,143,141,145,134,116,98,102,111,141,156,157,152,145,119,127,132,131,142,152,148,
1/17/2009,MIDATL,139,115,107,102,91,91,83,62,39,37,21,33,41,57,66,86,129,144,173,187,188,192,184,156,
1/18/2009,MIDATL,134,127,118,103,104,91,86,89,90,94,94,82,67,60,54,40,44,42,34,13,13,9,10,27,
1/19/2009,MIDATL,28,19,20,15,19,8,13,14,12,8,9,11,23,23,23,25,34,33,37,44,46,49,53,53,
1/20/2009,MIDATL,50,38,30,39,52,40,37,30,29,18,15,31,58,85,126,165,176,196,209,207,207,188,187,184,
1/21/2009,MIDATL,185,199,203,205,203,220,218,212,195,183,160,170,152,134,136,147,139,156,189,211,205,213,217,209,
1/22/2009,MIDATL,213,227,230,226,220,211,194,201,194,189,167,161,132,134,140,141,130,131,154,178,188,179,164,169,
1/23/2009,MIDATL,169,184,173,164,153,148,133,137,136,135,129,130,152,148,135,122,118,154,206,223,234,237,237,228,
1/24/2009,MIDATL,243,238,241,237,239,241,241,227,204,216,215,201,203,196,199,187,157,116,87,91,72,59,45,30,
1/25/2009,MIDATL,34,36,47,58,47,47,43,50,39,28,23,19,14,10,13,19,18,22,27,26,28,36,39,24,
1/26/2009,MIDATL,15,19,14,11,11,8,5,4,7,6,5,5,9,12,6,1,3,4,5,11,7,7,8,8,
1/27/2009,MIDATL,10,12,12,12,7,9,8,10,8,2,-1,2,12,29,33,48,71,98,110,115,134,162,190,198,
1/28/2009,MIDATL,216,218,219,202,205,194,194,186,178,166,136,89,91,103,148,172,146,171,197,205,212,216,223,219,
1/29/2009,MIDATL,224,203,191,161,149,135,118,99,81,73,75,70,60,69,63,72,63,87,124,159,156,147,122,116,
1/30/2009,MIDATL,108,94,106,117,112,107,111,118,89,89,115,141,145,153,132,127,135,151,177,196,185,182,178,177,
1/31/2009,MIDATL,189,180,154,143,144,141,154,163,176,173,176,150,148,145,156,154,129,99,125,153,171,192,197,202,
2/1/2009,MIDATL,232,234,244,245,244,244,250,244,242,237,228,225,192,168,135,121,100,80,83,76,62,46,55,56,
2/2/2009,MIDATL,49,36,41,38,29,20,26,24,27,34,34,34,53,82,39,37,14,10,21,10,14,16,23,32,
2/3/2009,MIDATL,42,40,35,45,64,65,73,64,50,38,25,28,37,40,44,53,65,60,59,68,69,77,86,89,
2/4/2009,MIDATL,106,101,105,101,95,109,115,113,98,96,106,110,101,111,121,152,174,177,172,213,198,188,183,187,
2/5/2009,MIDATL,200,189,194,187,179,183,164,146,135,108,188,149,158,139,155,155,141,118,90,101,112,130,131,113,
2/6/2009,MIDATL,114,112,107,150,142,103,108,107,93,85,72,46,28,27,40,44,27,21,37,47,71,69,87,105,
2/7/2009,MIDATL,121,145,155,166,185,172,178,186,191,197,193,198,194,190,177,176,201,220,236,233,248,257,254,249,
2/8/2009,MIDATL,239,231,231,232,229,222,228,221,230,218,226,232,232,239,225,217,195,185,159,174,183,181,176,173,
2/9/2009,MIDATL,179,153,108,98,75,41,28,24,18,10,6,5,5,6,4,3,0,10,22,41,45,64,88,119,
2/10/2009,MIDATL,131,129,119,113,107,109,125,137,130,121,98,95,102,103,114,125,153,167,157,187,195,172,167,158,
2/11/2009,MIDATL,160,159,143,138,154,119,120,69,80,78,57,22,25,37,43,51,85,129,204,210,154,141,164,175,
2/12/2009,MIDATL,184,158,120,119,148,134,125,148,158,154,161,153,176,173,161,171,166,173,168,170,171,191,224,239,
2/13/2009,MIDATL,243,235,230,228,228,228,232,234,231,220,223,224,220,214,215,210,208,185,147,127,108,100,84,76,
2/14/2009,MIDATL,76,78,82,87,77,69,60,33,19,10,11,12,9,5,2,3,49,89,112,150,162,178,198,202,
2/15/2009,MIDATL,171,174,143,106,122,125,114,92,100,94,83,62,53,53,58,61,60,70,53,45,45,47,57,55,
2/16/2009,MIDATL,52,48,60,56,43,45,41,38,29,45,70,75,88,110,119,135,146,153,144,116,126,128,131,110,
2/17/2009,MIDATL,103,89,101,77,62,39,31,33,28,9,3,-1,-2,-1,0,-2,-1,13,32,51,78,92,107,114,
2/18/2009,MIDATL,126,117,128,123,131,140,155,143,150,136,141,145,134,130,150,154,139,158,140,129,131,169,182,175,
2/19/2009,MIDATL,174,170,198,196,198,159,152,141,151,162,176,184,188,209,237,256,267,261,257,258,265,268,263,265,
2/20/2009,MIDATL,259,251,252,247,248,256,254,258,258,263,263,258,262,261,258,258,268,270,260,243,236,237,229,219,
2/21/2009,MIDATL,202,194,195,188,165,136,96,81,50,43,35,17,27,42,51,61,101,140,175,203,212,212,190,164,
2/22/2009,MIDATL,139,88,104,129,136,126,110,103,101,104,115,150,158,178,187,228,242,249,249,259,266,271,270,254,
2/23/2009,MIDATL,272,270,266,267,271,266,271,274,270,262,252,255,264,265,263,270,267,258,251,253,247,251,255,252,
2/24/2009,MIDATL,244,238,245,249,244,229,230,214,178,123,108,118,116,95,77,79,64,53,44,44,39,36,29,13,
2/25/2009,MIDATL,15,27,38,28,14,13,14,17,23,20,8,4,5,7,7,10,19,50,99,129,130,135,128,132,
2/26/2009,MIDATL,114,131,127,106,115,101,96,79,62,54,51,47,34,13,4,3,7,27,72,111,148,159,173,172,
2/27/2009,MIDATL,173,187,194,198,195,178,192,206,204,194,211,176,152,179,184,155,170,201,192,175,184,197,170,188,
2/28/2009,MIDATL,203,196,195,154,139,124,106,78,70,50,56,44,29,10,27,40,46,39,32,35,63,86,92,111,
3/1/2009,MIDATL,79,53,41,32,28,24,21,19,16,13,9,6,14,21,32,67,99,148,178,179,182,176,206,172,
3/2/2009,MIDATL,174,190,196,195,199,205,213,214,202,234,248,249,247,241,240,254,260,264,267,273,265,260,240,227,
3/3/2009,MIDATL,219,210,195,194,198,214,226,221,209,192,190,186,195,195,193,195,200,194,182,176,170,161,161,130,
3/4/2009,MIDATL,107,114,105,87,85,94,106,97,62,40,23,26,24,29,34,36,37,28,28,31,36,31,33,25,
3/5/2009,MIDATL,15,9,4,7,11,16,17,21,17,5,11,19,22,19,26,45,75,104,170,196,206,203,169,172,
3/6/2009,MIDATL,172,159,169,208,228,228,203,199,201,185,184,175,170,169,155,106,129,187,186,190,190,212,230,225,
3/7/2009,MIDATL,224,210,188,166,131,102,83,67,57,40,29,43,64,96,113,149,149,126,140,166,217,256,272,281,
3/8/2009,MIDATL,261,257,,248,248,236,208,144,68,38,41,57,49,24,30,27,21,31,58,61,58,97,160,202,
3/9/2009,MIDATL,224,246,231,205,220,212,207,209,177,174,229,270,272,283,280,275,265,245,222,189,136,97,102,61,
3/10/2009,MIDATL,47,27,14,2,1,34,65,87,115,142,135,129,138,168,153,185,171,197,243,223,242,227,211,206,
3/11/2009,MIDATL,203,199,186,187,207,222,226,235,214,202,206,224,235,267,275,272,298,322,322,317,322,330,334,324,
3/12/2009,MIDATL,279,260,282,261,233,236,227,188,186,194,162,124,113,91,72,66,44,32,25,15,16,13,22,26,
3/13/2009,MIDATL,13,9,9,13,15,12,8,27,47,64,68,67,47,45,42,25,18,23,23,30,44,51,50,44,
3/14/2009,MIDATL,41,49,54,50,42,26,19,20,18,12,7,11,20,22,25,26,23,29,40,51,53,56,55,59,
3/15/2009,MIDATL,51,28,19,14,7,5,4,5,3,9,9,11,8,10,9,12,14,8,9,8,7,14,15,12,
3/16/2009,MIDATL,6,8,4,8,15,29,43,53,62,64,61,74,74,76,61,47,68,80,82,98,83,81,78,60,
3/17/2009,MIDATL,40,28,13,7,6,4,4,4,4,3,1,0,-1,-1,0,1,4,10,22,34,50,67,101,131,
3/18/2009,MIDATL,163,169,208,217,208,257,284,283,252,230,222,231,196,164,163,188,198,185,154,126,138,175,174,128,
3/19/2009,MIDATL,59,64,65,100,118,100,95,76,38,18,37,59,85,115,130,147,153,176,173,145,123,111,109,87,
3/20/2009,MIDATL,92,89,81,50,48,60,48,70,62,53,51,42,45,45,53,53,57,57,52,41,53,49,41,28,
3/21/2009,MIDATL,22,17,12,19,18,23,36,35,27,18,11,8,3,-1,-1,0,0,0,2,6,14,22,27,34,
3/22/2009,MIDATL,45,64,70,82,113,130,106,91,80,57,58,61,81,149,195,229,240,245,227,206,215,193,203,177,
3/23/2009,MIDATL,161,129,125,112,95,92,93,98,115,113,106,107,129,138,170,196,221,231,206,179,159,137,116,84,
3/24/2009,MIDATL,85,100,110,106,113,129,145,162,136,100,89,89,90,77,66,49,57,69,119,154,192,209,235,247,
3/25/2009,MIDATL,261,270,275,263,257,268,293,290,268,253,220,194,197,192,191,210,242,266,266,258,239,223,191,162,
3/26/2009,MIDATL,141,141,122,107,101,112,114,105,77,76,71,98,96,106,127,151,134,95,86,48,80,63,67,75,
3/27/2009,MIDATL,126,154,139,123,121,108,83,70,45,20,21,19,18,8,13,21,27,35,30,42,52,63,84,62,
3/28/2009,MIDATL,50,43,73,59,69,111,128,139,137,110,80,55,61,57,59,93,151,186,207,219,232,256,267,268,
3/29/2009,MIDATL,314,317,258,258,267,264,240,216,210,133,116,147,217,189,175,177,161,162,204,263,270,286,301,280,
3/30/2009,MIDATL,268,253,226,221,245,245,240,259,281,298,313,327,327,331,334,327,330,318,298,261,238,222,215,234,
3/31/2009,MIDATL,202,199,193,155,93,67,61,33,24,27,15,26,39,59,77,103,127,155,192,227,276,289,285,276,
4/1/2009,MIDATL,269,274,268,278,295,293,281,281,260,266,261,199,184,167,143,138,142,147,127,92,58,58,47,33,
4/2/2009,MIDATL,23,16,12,5,0,3,8,29,41,46,59,84,94,125,140,168,177,177,165,177,214,236,258,252,
4/3/2009,MIDATL,245,290,314,332,334,344,342,335,310,277,234,259,258,244,233,233,236,233,270,289,280,297,318,330,
4/4/2009,MIDATL,319,316,312,309,301,292,302,318,319,316,316,321,319,310,314,312,323,326,330,327,325,317,301,325,
4/5/2009,MIDATL,329,303,290,284,278,265,234,196,144,122,86,58,46,28,30,27,22,35,42,79,122,151,159,194,
4/6/2009,MIDATL,210,211,208,249,240,237,215,196,133,136,163,182,180,153,164,169,160,159,177,238,259,283,290,290,
4/7/2009,MIDATL,307,315,319,311,310,288,252,279,290,280,287,281,275,260,260,268,281,256,232,238,238,253,248,262,
4/8/2009,MIDATL,252,215,238,221,180,173,194,200,175,174,178,180,210,231,238,243,240,210,177,122,102,92,81,92,
4/9/2009,MIDATL,78,55,54,68,73,87,105,98,59,39,70,86,82,88,87,88,87,68,59,37,33,34,42,35,
4/10/2009,MIDATL,31,17,15,28,27,43,46,43,46,55,69,84,78,48,33,41,31,34,32,38,36,43,46,49,
4/11/2009,MIDATL,68,91,93,100,109,100,100,75,79,98,107,102,118,169,180,221,259,277,290,290,288,281,274,232,
4/12/2009,MIDATL,194,188,175,183,180,187,180,204,233,253,261,279,282,290,286,282,285,267,252,225,178,160,165,154,
4/13/2009,MIDATL,121,78,60,53,51,67,90,117,119,116,91,74,68,67,78,93,106,100,91,101,100,89,89,103,
4/14/2009,MIDATL,109,85,86,84,98,97,94,114,121,119,147,177,166,150,149,150,140,145,157,154,166,176,170,148,
4/15/2009,MIDATL,130,141,129,133,115,115,135,157,154,141,134,118,100,82,66,48,36,20,16,12,15,22,23,25,
4/16/2009,MIDATL,23,22,27,35,32,29,20,9,2,3,3,4,12,21,18,24,31,30,35,37,44,48,74,51,
4/17/2009,MIDATL,51,43,37,22,9,11,15,20,17,10,20,36,39,66,90,120,146,147,148,131,142,171,177,156,
4/18/2009,MIDATL,156,179,193,174,155,123,100,98,87,86,116,125,116,128,137,136,148,148,120,84,98,131,150,117,
4/19/2009,MIDATL,99,78,87,96,70,48,26,20,8,6,6,7,8,10,16,22,22,32,59,134,192,256,282,326,
4/20/2009,MIDATL,347,360,350,359,343,346,350,360,372,363,359,363,359,350,324,316,288,252,250,253,189,174,172,181,
4/21/2009,MIDATL,153,92,47,30,35,38,21,7,9,26,37,47,52,86,77,55,109,148,113,94,127,135,121,91,
4/22/2009,MIDATL,89,106,102,97,94,70,64,46,63,65,57,46,58,112,150,183,183,208,213,190,147,145,161,150,
4/23/2009,MIDATL,162,191,219,210,186,209,245,231,275,273,225,245,257,263,252,246,235,201,195,144,120,115,128,145,
4/24/2009,MIDATL,120,87,70,64,66,104,93,100,85,71,71,64,78,88,100,102,132,147,169,167,177,203,206,187,
4/25/2009,MIDATL,195,175,202,190,230,247,259,247,213,195,196,223,209,200,190,205,177,169,174,118,85,101,125,147,
4/26/2009,MIDATL,120,101,105,107,97,93,67,52,42,45,73,113,166,135,91,70,47,34,21,10,12,14,9,17,
4/27/2009,MIDATL,32,40,68,94,127,148,155,150,138,137,122,66,24,27,42,58,78,77,77,74,70,99,155,194,
4/28/2009,MIDATL,221,214,240,252,256,258,250,228,205,186,155,136,129,146,176,182,175,213,237,210,190,150,135,148,
4/29/2009,MIDATL,127,52,104,53,189,119,111,103,68,59,58,61,74,65,77,89,96,78,83,126,128,152,164,162,
4/30/2009,MIDATL,149,138,127,118,115,101,108,125,124,131,123,139,118,106,116,120,132,139,149,179,165,170,183,199,
5/1/2009,MIDATL,223,243,258,281,284,280,254,223,189,179,129,100,74,81,90,109,105,95,92,103,112,144,158,177,
5/2/2009,MIDATL,181,174,100,73,64,46,41,58,52,33,18,25,46,66,78,71,61,46,34,17,13,8,10,22,
5/3/2009,MIDATL,45,43,20,19,27,19,14,10,1,-2,1,5,7,4,-1,-1,0,-2,-2,1,2,6,6,17,
5/4/2009,MIDATL,14,15,31,44,77,81,87,97,121,112,138,120,90,97,92,59,30,19,38,53,50,60,88,97,
5/5/2009,MIDATL,91,99,79,64,79,86,83,104,95,118,113,100,69,68,64,76,68,91,116,70,80,81,71,53,
5/6/2009,MIDATL,37,28,36,45,42,32,20,5,1,-1,-1,6,23,33,48,58,76,113,129,182,218,244,246,230,
5/7/2009,MIDATL,250,253,204,184,172,142,118,105,110,100,85,68,51,44,71,110,107,81,75,58,42,41,48,75,
5/8/2009,MIDATL,81,97,92,82,95,115,118,80,52,26,20,12,10,15,22,29,44,36,35,16,29,39,58,59,
5/9/2009,MIDATL,80,108,107,95,49,35,64,80,101,122,165,195,227,242,248,258,277,296,278,322,342,356,352,369,
5/10/2009,MIDATL,356,327,309,281,225,269,278,284,279,275,276,268,270,291,294,302,315,320,306,283,215,177,158,147,
5/11/2009,MIDATL,105,79,52,40,38,33,26,18,16,11,11,18,18,21,41,37,52,30,30,17,26,46,30,34,
5/12/2009,MIDATL,36,60,57,47,36,48,51,39,25,41,50,50,61,62,60,55,49,38,23,7,0,5,8,6,
5/13/2009,MIDATL,17,52,86,108,131,139,146,136,124,157,170,175,174,174,181,222,229,234,262,244,270,300,329,325,
5/14/2009,MIDATL,314,306,243,236,248,264,291,265,258,252,241,226,269,268,239,187,215,242,191,132,89,54,39,51,
5/15/2009,MIDATL,28,14,11,8,5,-1,3,1,-1,-2,-2,-2,-1,1,3,3,8,26,47,74,101,103,112,137,
5/16/2009,MIDATL,166,145,140,152,145,130,128,120,99,99,122,130,135,127,190,205,173,220,215,138,131,135,197,160,
5/17/2009,MIDATL,125,166,217,253,273,275,284,285,274,298,317,292,262,266,243,217,181,171,148,85,73,82,109,149,
5/18/2009,MIDATL,118,84,94,132,164,183,143,128,91,120,122,126,136,110,87,72,53,57,65,38,27,14,12,20,
5/19/2009,MIDATL,15,7,4,1,-2,-2,-2,-2,-2,-1,-2,-1,-1,2,4,5,5,7,16,38,74,102,106,116,
5/20/2009,MIDATL,122,121,92,78,78,69,45,22,6,2,0,3,8,17,20,31,43,53,79,91,123,165,157,144,
5/21/2009,MIDATL,175,202,224,196,153,123,107,100,53,63,55,42,18,17,31,57,60,74,86,85,108,135,111,112,
5/22/2009,MIDATL,113,123,121,110,109,98,74,53,30,18,7,6,15,15,21,19,13,13,4,6,17,20,24,8,
5/23/2009,MIDATL,8,12,13,13,22,35,39,37,36,40,31,29,12,9,12,9,16,58,39,104,89,95,115,126,
5/24/2009,MIDATL,130,109,78,78,86,93,86,80,64,39,20,20,10,11,15,22,28,35,40,34,18,11,6,-1,
5/25/2009,MIDATL,1,6,22,35,41,39,34,29,25,23,34,39,23,14,13,15,21,29,38,48,75,97,121,162,
5/26/2009,MIDATL,186,183,156,196,224,277,287,285,307,323,304,297,290,296,282,279,257,261,283,284,275,285,278,250,
5/27/2009,MIDATL,252,234,215,195,185,173,167,142,119,83,67,44,32,23,21,24,34,35,31,43,42,39,46,53,
5/28/2009,MIDATL,51,49,45,32,37,32,33,43,35,22,13,16,11,16,29,35,67,79,93,86,101,133,121,137,
5/29/2009,MIDATL,125,123,93,72,45,40,36,40,31,37,26,29,38,66,84,112,118,98,80,63,90,105,125,161,
5/30/2009,MIDATL,173,170,130,130,103,102,138,135,137,135,148,140,129,120,116,108,100,71,49,27,21,38,36,33,
5/31/2009,MIDATL,42,52,61,88,119,103,111,87,75,92,76,85,133,177,210,258,280,283,247,201,133,116,84,78,
6/1/2009,MIDATL,72,72,59,39,66,37,44,36,29,18,12,10,11,25,32,37,51,72,83,59,82,104,131,145,
6/2/2009,MIDATL,190,222,222,132,134,191,129,131,94,71,96,132,124,114,106,92,82,60,39,14,5,9,73,65,
6/3/2009,MIDATL,64,62,59,48,43,60,42,22,8,10,13,29,25,12,8,0,2,4,11,14,7,5,10,11,
6/4/2009,MIDATL,19,26,20,20,18,21,18,11,19,34,44,30,29,30,29,15,14,21,34,36,48,56,64,59,
6/5/2009,MIDATL,70,59,53,56,56,70,78,88,97,85,67,60,49,41,42,32,26,20,23,18,15,13,14,10,
6/6/2009,MIDATL,9,12,21,27,34,35,36,25,27,17,21,15,13,7,7,8,10,17,9,7,17,29,38,40,
6/7/2009,MIDATL,32,22,15,6,14,19,29,25,14,6,8,12,18,26,28,29,22,30,25,14,15,19,21,22,
6/8/2009,MIDATL,17,10,14,8,5,1,0,0,-2,-1,-1,-1,3,8,2,2,1,0,5,4,16,31,29,33,
6/9/2009,MIDATL,37,56,83,116,122,118,109,105,65,49,35,45,41,37,26,52,66,33,15,37,46,46,43,41,
6/10/2009,MIDATL,35,23,15,18,16,14,6,2,-1,-1,-1,-1,0,0,2,2,10,11,15,9,11,13,15,13,
6/11/2009,MIDATL,17,31,30,17,19,19,24,29,32,33,30,37,44,55,67,63,61,54,58,54,77,101,138,143,
6/12/2009,MIDATL,142,118,84,79,128,126,104,92,62,33,31,25,13,13,19,19,25,28,35,41,40,39,25,23,
6/13/2009,MIDATL,18,7,7,1,2,5,6,2,-1,-1,-1,-1,0,1,3,11,25,32,51,64,74,76,50,32,
6/14/2009,MIDATL,42,33,21,12,15,16,18,12,8,6,7,9,4,2,2,9,23,23,19,6,4,5,3,7,
6/15/2009,MIDATL,26,21,2,9,9,5,6,9,4,1,-1,-1,1,-1,3,3,6,12,14,11,12,28,33,26,
6/16/2009,MIDATL,24,26,40,53,50,39,40,43,40,47,40,51,55,51,61,74,102,118,122,120,132,150,144,141,
6/17/2009,MIDATL,139,159,165,170,199,232,247,243,233,224,227,240,235,223,210,200,210,216,213,232,233,236,237,253,
6/18/2009,MIDATL,236,195,166,147,150,147,157,150,145,138,147,145,133,112,100,85,77,72,74,65,49,43,44,32,
6/19/2009,MIDATL,51,57,50,46,51,45,31,30,45,62,81,91,30,20,14,13,16,37,33,25,28,13,9,15,
6/20/2009,MIDATL,42,34,35,73,86,105,138,130,166,200,244,247,255,265,244,221,224,249,248,235,251,253,232,229,
6/21/2009,MIDATL,234,256,250,236,239,217,209,193,192,170,137,136,133,141,182,193,190,157,129,109,116,138,112,107,
6/22/2009,MIDATL,78,67,72,73,67,76,65,68,74,84,108,109,115,74,151,121,136,137,143,133,109,106,96,98,
6/23/2009,MIDATL,91,77,48,42,44,48,46,27,30,30,33,43,57,66,68,77,71,70,78,75,93,100,93,69,
6/24/2009,MIDATL,57,47,33,38,43,53,53,41,19,26,36,49,73,62,54,47,66,65,63,58,64,78,65,47,
6/25/2009,MIDATL,33,20,19,16,15,13,12,10,7,1,1,-1,2,4,3,12,15,13,17,53,30,27,65,83,
6/26/2009,MIDATL,90,63,23,26,47,54,74,88,86,73,62,45,36,25,53,91,82,85,102,68,81,76,70,78,
6/27/2009,MIDATL,60,57,49,71,85,75,84,70,44,43,79,95,86,75,90,85,89,120,107,89,96,89,77,82,
6/28/2009,MIDATL,69,38,31,25,24,23,23,25,21,21,22,11,11,12,23,54,90,80,134,107,49,35,84,161,
6/29/2009,MIDATL,144,145,151,115,113,163,138,103,44,63,45,54,71,105,98,97,122,113,66,57,65,83,62,53,
6/30/2009,MIDATL,45,89,70,82,97,95,80,68,37,21,27,46,51,64,54,39,76,39,54,58,56,51,46,44,
7/1/2009,MIDATL,32,26,27,24,14,8,5,3,0,-2,0,3,2,0,1,8,5,10,15,10,14,15,46,46,
7/2/2009,MIDATL,52,79,84,61,39,50,45,37,39,19,12,13,17,25,46,91,116,101,97,69,85,121,134,136,
7/3/2009,MIDATL,143,152,139,130,149,121,122,119,103,121,123,114,111,113,123,132,143,142,162,158,149,163,158,160,
7/4/2009,MIDATL,163,148,130,143,175,166,155,133,143,174,208,253,265,241,231,237,228,221,181,130,123,104,98,92,
7/5/2009,MIDATL,102,56,56,63,45,27,18,10,3,3,2,0,1,2,2,1,1,3,0,-2,-1,-1,-1,-1,
7/6/2009,MIDATL,-1,-1,1,2,1,2,-1,5,9,8,13,16,32,44,48,38,31,31,30,16,9,10,21,21,
7/7/2009,MIDATL,26,18,14,27,48,89,100,88,74,147,121,112,111,110,118,114,132,146,118,108,107,109,82,68,
7/8/2009,MIDATL,47,31,31,31,29,16,13,13,6,18,27,26,21,16,25,20,16,12,14,13,15,12,6,5,
7/9/2009,MIDATL,7,9,9,9,11,10,17,20,15,15,20,20,17,13,14,15,15,19,32,39,49,73,92,110,
7/10/2009,MIDATL,111,111,97,68,39,46,49,39,38,39,41,39,42,36,40,34,32,46,52,62,70,88,93,102,
7/11/2009,MIDATL,104,91,104,113,136,154,151,132,111,110,93,114,113,119,119,112,139,186,190,178,194,192,195,174,
7/12/2009,MIDATL,182,154,145,130,88,61,67,53,43,32,57,84,74,97,131,163,166,142,136,91,69,51,34,24,
7/13/2009,MIDATL,29,34,31,24,13,9,14,12,4,7,29,67,88,66,52,58,58,64,60,50,63,94,110,86,
7/14/2009,MIDATL,75,52,31,25,19,23,26,32,41,43,86,97,130,117,77,75,88,102,99,65,36,31,25,25,
7/15/2009,MIDATL,21,27,14,4,9,25,35,33,19,17,20,15,17,14,17,19,24,31,25,24,41,53,92,142,
7/16/2009,MIDATL,164,201,223,194,162,165,141,139,126,120,105,109,113,116,131,132,152,170,122,75,56,63,70,81,
7/17/2009,MIDATL,84,75,95,102,98,55,30,11,1,0,7,48,88,65,22,25,27,22,13,9,25,58,65,35,
7/18/2009,MIDATL,65,75,85,118,194,160,118,87,62,72,77,83,91,90,76,95,78,70,78,91,100,104,92,108,
7/19/2009,MIDATL,114,105,83,82,74,73,93,80,48,38,50,38,25,17,12,7,5,1,-1,-2,-1,-1,-2,-2,
7/20/2009,MIDATL,-2,-2,0,3,14,9,14,20,15,4,3,6,7,8,7,9,39,73,27,3,2,27,31,22,
7/21/2009,MIDATL,23,15,21,19,23,26,37,29,25,24,23,46,44,31,29,25,21,21,29,27,18,17,33,36,
7/22/2009,MIDATL,41,39,33,34,36,28,18,10,2,-1,4,7,15,34,36,34,30,34,40,38,68,96,116,143,
7/23/2009,MIDATL,129,106,137,174,177,139,123,103,112,98,81,74,85,90,127,184,201,212,205,212,167,138,104,68,
7/24/2009,MIDATL,116,127,79,64,78,91,77,51,36,29,30,41,59,72,69,73,78,85,69,56,55,23,11,19,
7/25/2009,MIDATL,29,37,43,51,70,67,61,46,26,23,40,66,81,106,109,124,162,164,170,89,94,116,127,170,
7/26/2009,MIDATL,204,155,132,120,108,114,109,88,96,81,61,82,88,111,136,137,114,105,78,81,73,86,117,130,
7/27/2009,MIDATL,133,139,129,124,121,125,123,103,52,40,54,56,53,56,57,54,41,36,14,8,10,14,11,15,
7/28/2009,MIDATL,25,21,29,34,27,15,6,8,1,-1,5,5,6,13,13,23,28,29,30,21,33,54,62,63,
7/29/2009,MIDATL,70,60,57,42,40,61,77,62,46,26,24,55,81,92,97,117,116,122,119,114,100,73,66,74,
7/30/2009,MIDATL,107,117,162,209,165,101,68,64,51,56,31,10,14,20,12,13,7,1,19,31,49,61,77,92,
7/31/2009,MIDATL,89,99,102,108,110,77,99,83,82,75,73,42,52,14,21,67,63,73,53,31,22,26,25,20,
8/1/2009,MIDATL,24,38,26,18,14,14,17,9,5,-1,3,12,13,8,3,7,7,12,23,25,51,77,91,93,
8/2/2009,MIDATL,76,106,112,100,114,104,66,51,38,26,20,23,31,48,49,46,57,52,31,20,27,36,24,20,
8/3/2009,MIDATL,51,54,45,29,26,23,9,0,-2,-2,-1,2,4,3,0,1,5,7,5,1,6,15,32,58,
8/4/2009,MIDATL,73,93,113,110,120,113,85,40,13,6,15,27,25,49,43,67,65,74,90,80,77,74,75,93,
8/5/2009,MIDATL,137,153,150,189,212,184,143,80,57,33,19,14,16,29,25,26,23,28,23,27,40,54,61,52,
8/6/2009,MIDATL,47,52,34,34,30,19,17,15,9,5,14,20,20,19,30,42,56,54,33,21,21,19,26,31,
8/7/2009,MIDATL,52,47,31,35,32,29,59,28,30,18,21,45,54,53,64,66,71,76,63,49,49,44,30,20,
8/8/2009,MIDATL,10,14,5,0,9,10,12,7,4,4,0,-1,1,1,3,4,0,3,3,37,72,60,65,75,
8/9/2009,MIDATL,96,133,171,216,234,220,219,189,165,159,192,201,194,173,184,181,168,185,88,83,106,144,203,309,
8/10/2009,MIDATL,308,283,232,192,144,166,194,176,207,206,170,120,96,107,111,132,115,135,122,165,122,86,93,163,
8/11/2009,MIDATL,162,151,161,203,174,130,92,99,91,71,59,44,36,41,35,34,26,24,35,24,26,41,53,31,
8/12/2009,MIDATL,23,19,17,17,18,13,13,8,4,2,-1,-2,-1,5,7,3,3,7,7,19,49,29,28,11,
8/13/2009,MIDATL,13,4,6,5,-1,0,1,1,2,2,1,2,2,0,-1,8,7,5,1,1,3,6,13,19,
8/14/2009,MIDATL,19,21,17,12,11,9,4,0,-1,-2,-2,-1,3,7,13,10,5,5,9,10,14,44,59,59,
8/15/2009,MIDATL,59,51,37,27,19,14,26,34,11,2,1,2,1,-1,-1,1,3,5,6,8,23,43,61,63,
8/16/2009,MIDATL,61,56,50,40,30,19,9,6,2,0,-1,-2,-1,-1,0,0,1,1,7,10,8,15,28,55,
8/17/2009,MIDATL,64,73,76,67,51,36,26,21,14,4,3,4,4,2,0,3,5,8,16,22,49,80,98,100,
8/18/2009,MIDATL,107,103,111,124,118,105,100,80,53,58,45,40,26,60,94,103,125,139,178,173,163,150,121,110,
8/19/2009,MIDATL,97,103,107,130,132,107,96,71,36,24,6,9,3,5,6,9,18,45,10,14,29,25,26,41,
8/20/2009,MIDATL,38,47,57,59,68,68,65,61,75,50,36,25,29,39,48,50,53,54,52,88,118,132,158,162,
8/21/2009,MIDATL,136,120,159,155,141,105,90,63,55,45,47,47,90,122,119,97,80,59,23,13,14,20,33,46,
8/22/2009,MIDATL,41,36,26,28,23,10,11,4,-1,-1,0,2,0,1,0,1,0,4,5,11,27,41,50,67,
8/23/2009,MIDATL,64,69,69,68,49,40,29,22,21,19,13,18,15,26,31,34,35,42,42,39,54,61,67,45,
8/24/2009,MIDATL,33,41,41,49,57,54,45,29,28,11,14,13,4,14,20,26,28,11,2,6,19,22,7,6,
8/25/2009,MIDATL,4,2,4,5,3,3,3,0,-2,-2,-2,-1,0,5,9,14,19,19,13,15,31,57,84,127,
8/26/2009,MIDATL,185,212,192,185,174,203,225,214,158,138,188,229,204,202,195,186,175,158,140,106,113,100,50,27,
8/27/2009,MIDATL,28,26,18,8,6,3,5,13,7,3,6,18,28,36,37,25,16,3,-1,2,2,1,6,11,
8/28/2009,MIDATL,18,19,32,32,30,28,20,39,43,67,71,88,102,115,115,136,128,108,115,96,126,134,125,94,
8/29/2009,MIDATL,99,76,70,78,78,80,107,87,62,46,54,73,114,156,166,89,80,88,95,118,153,149,100,85,
8/30/2009,MIDATL,54,54,54,60,65,63,45,44,35,57,96,155,187,179,197,193,194,180,125,86,107,127,109,85,
8/31/2009,MIDATL,97,112,75,61,41,37,39,44,28,30,33,23,17,16,20,23,28,34,37,24,39,31,40,47,
9/1/2009,MIDATL,64,75,78,69,66,62,41,42,23,20,24,14,6,4,4,4,5,2,2,9,25,33,35,42,
9/2/2009,MIDATL,39,52,58,62,57,50,50,39,19,15,33,41,26,19,13,13,9,5,2,5,23,37,48,46,
9/3/2009,MIDATL,48,54,48,27,19,10,5,4,6,1,1,6,4,1,0,1,1,0,-1,-1,8,16,13,3,
9/4/2009,MIDATL,-1,-2,0,7,22,31,35,40,37,19,22,17,14,7,5,1,4,3,3,10,23,36,41,46,
9/5/2009,MIDATL,34,21,12,7,8,17,20,16,18,9,6,10,13,22,15,11,10,10,11,23,32,39,48,64,
9/6/2009,MIDATL,63,72,81,83,96,107,108,107,82,72,76,71,64,64,63,64,100,107,123,141,181,207,224,225,
9/7/2009,MIDATL,220,170,107,54,44,57,75,73,67,66,62,60,50,36,14,28,48,44,58,86,92,111,131,119,
9/8/2009,MIDATL,106,59,36,43,39,42,31,30,25,27,21,9,6,5,6,8,8,11,13,23,33,38,36,38,
9/9/2009,MIDATL,44,41,25,23,26,32,36,33,30,17,15,22,24,20,24,34,35,43,43,53,67,72,85,113,
9/10/2009,MIDATL,122,163,182,213,200,190,163,140,121,109,120,125,140,113,73,92,103,96,86,101,128,179,159,159,
9/11/2009,MIDATL,157,168,150,126,110,100,92,85,87,101,115,123,125,118,119,134,138,129,119,119,117,105,80,75,
9/12/2009,MIDATL,72,71,66,71,75,76,106,124,96,87,69,57,60,61,69,47,38,38,40,42,37,43,47,43,
9/13/2009,MIDATL,45,52,60,69,72,71,85,76,61,67,94,117,125,129,112,117,130,133,114,103,113,122,145,143,
9/14/2009,MIDATL,98,71,79,82,102,103,99,82,78,76,64,67,101,122,162,162,200,167,120,111,123,132,122,121,
9/15/2009,MIDATL,133,134,146,141,131,134,134,112,88,63,71,63,41,58,76,67,66,66,45,38,40,55,66,75,
9/16/2009,MIDATL,80,85,85,90,82,75,80,84,71,44,26,14,11,16,25,35,53,83,128,147,202,206,214,193,
9/17/2009,MIDATL,175,159,163,127,128,146,123,129,112,112,111,97,71,53,41,33,25,17,18,18,24,25,27,35,
9/18/2009,MIDATL,45,41,21,18,20,26,46,45,40,56,77,96,114,144,131,113,99,90,90,77,90,99,108,131,
9/19/2009,MIDATL,140,146,131,118,82,76,75,62,48,46,36,23,18,10,8,2,4,7,19,44,73,95,100,99,
9/20/2009,MIDATL,99,105,105,119,118,108,103,93,82,44,35,34,29,36,40,37,43,52,82,129,164,187,176,138,
9/21/2009,MIDATL,126,151,172,148,134,128,106,84,66,47,43,40,48,47,53,79,90,86,104,148,192,201,218,188,
9/22/2009,MIDATL,179,149,120,102,87,80,82,88,73,69,61,50,47,29,17,29,50,68,72,82,81,79,86,117,
9/23/2009,MIDATL,104,98,97,84,75,83,94,71,63,42,33,32,33,45,58,75,87,98,114,126,136,116,107,90,
9/24/2009,MIDATL,65,62,65,66,66,66,52,41,26,23,21,25,17,30,52,67,51,41,32,46,58,74,68,60,
9/25/2009,MIDATL,37,31,34,42,52,60,87,105,120,123,122,102,56,39,33,37,49,31,43,94,158,209,260,323,
9/26/2009,MIDATL,339,336,347,372,377,364,357,364,359,373,380,383,371,334,325,317,265,282,270,310,360,380,382,367,
9/27/2009,MIDATL,335,281,218,150,136,130,116,67,104,80,71,109,157,218,188,203,206,261,219,216,212,234,269,251,
9/28/2009,MIDATL,225,195,199,195,174,162,152,227,254,275,317,389,377,326,337,339,325,309,361,406,397,349,372,381,
9/29/2009,MIDATL,345,320,293,276,300,341,356,378,365,362,331,348,356,372,339,319,313,299,285,320,356,337,298,233,
9/30/2009,MIDATL,202,215,233,280,290,279,245,237,242,221,222,245,234,259,242,228,210,191,133,153,140,134,139,169,
10/1/2009,MIDATL,154,145,141,148,141,148,164,164,139,133,154,106,83,54,42,37,29,13,8,9,-2,-1,3,38,
10/2/2009,MIDATL,74,87,137,161,168,156,160,216,201,216,234,250,275,291,277,287,303,294,264,260,267,271,263,273,
10/3/2009,MIDATL,200,144,128,68,48,44,52,69,74,56,49,70,102,124,106,86,73,59,51,50,46,54,50,44,
10/4/2009,MIDATL,41,55,75,52,54,62,115,100,102,151,132,129,124,109,112,122,114,114,131,137,130,139,168,203,
10/5/2009,MIDATL,227,200,197,212,226,217,186,157,126,89,106,125,138,159,125,146,155,163,124,112,107,109,105,99,
10/6/2009,MIDATL,95,57,42,34,28,28,34,52,50,40,63,70,47,53,51,63,90,111,162,209,237,250,285,299,
10/7/2009,MIDATL,308,324,332,360,301,241,274,283,331,400,422,423,415,430,432,437,436,413,437,459,465,458,441,423,
10/8/2009,MIDATL,390,364,342,339,334,318,283,252,187,126,109,80,43,31,38,31,22,10,19,39,52,77,123,95,
10/9/2009,MIDATL,72,83,106,123,145,120,138,123,119,144,98,128,172,223,256,255,185,93,39,66,144,56,79,124,
10/10/2009,MIDATL,142,181,219,284,295,254,234,255,324,346,292,290,283,249,226,193,130,99,74,72,79,95,102,102,
10/11/2009,MIDATL,110,93,89,116,121,123,125,149,111,69,58,98,122,159,187,169,153,139,88,67,54,53,44,38,
10/12/2009,MIDATL,40,37,56,62,82,87,105,119,143,170,160,165,155,122,102,128,138,191,197,195,221,186,192,189,
10/13/2009,MIDATL,201,194,205,223,232,238,264,223,214,211,229,230,274,263,196,264,311,280,230,227,158,115,91,62,
10/14/2009,MIDATL,42,25,18,18,24,40,35,35,22,28,29,16,11,5,11,29,29,19,37,67,62,79,79,135,
10/15/2009,MIDATL,165,109,148,182,172,178,198,216,254,277,271,243,212,211,203,215,205,178,143,139,103,77,67,74,
10/16/2009,MIDATL,79,75,58,42,29,31,35,40,38,36,28,15,11,10,5,2,5,9,10,16,16,17,26,35,
10/17/2009,MIDATL,40,42,39,32,33,37,33,35,23,16,16,20,20,22,26,38,49,58,55,53,51,62,53,43,
10/18/2009,MIDATL,37,36,44,44,46,52,56,78,70,66,73,84,147,146,174,199,165,169,174,204,203,191,187,181,
10/19/2009,MIDATL,180,204,222,217,215,195,193,206,165,125,100,105,83,68,40,24,26,37,56,91,166,246,264,282,
10/20/2009,MIDATL,251,273,297,302,305,318,315,283,246,193,176,152,109,83,91,88,64,56,85,137,175,208,215,211,
10/21/2009,MIDATL,215,204,211,220,203,190,158,169,145,79,38,26,27,18,13,10,7,10,30,54,77,98,147,173,
10/22/2009,MIDATL,225,226,226,228,240,236,218,231,184,158,128,155,165,175,216,207,213,159,128,142,171,192,118,99,
10/23/2009,MIDATL,70,44,44,43,60,76,115,179,248,317,354,363,363,330,307,377,408,402,439,459,452,465,460,413,
10/24/2009,MIDATL,401,386,305,211,218,181,170,178,200,228,297,285,220,108,99,170,237,212,276,320,359,409,421,435,
10/25/2009,MIDATL,425,319,451,433,401,332,314,237,206,205,159,70,56,43,43,32,33,30,25,33,49,58,43,30,
10/26/2009,MIDATL,29,39,61,104,113,148,172,181,186,204,205,216,188,162,147,145,181,206,240,304,311,353,355,338,
10/27/2009,MIDATL,325,294,267,273,231,178,101,72,57,76,55,40,21,1,-1,-1,4,13,17,49,57,55,111,178,
10/28/2009,MIDATL,279,321,323,358,361,307,301,277,254,278,252,186,184,194,216,197,185,179,145,157,180,185,191,201,
10/29/2009,MIDATL,110,86,64,44,28,8,1,3,2,4,5,7,22,44,60,45,56,69,79,119,158,144,154,174,
10/30/2009,MIDATL,201,226,240,246,276,283,299,292,318,320,290,279,260,266,278,280,272,322,338,349,396,393,409,409,
10/31/2009,MIDATL,396,377,424,414,427,449,477,454,440,420,369,350,390,444,412,440,348,367,328,335,324,306,325,326,
11/1/2009,MIDATL,304,655,294,251,84,44,25,22,11,38,33,17,19,21,16,17,19,34,41,57,63,58,57,59,
11/2/2009,MIDATL,93,110,86,66,67,94,95,77,40,22,12,8,6,3,0,0,-1,4,11,18,22,42,104,143,
11/3/2009,MIDATL,176,183,264,272,269,221,181,169,118,127,164,285,365,393,413,407,328,285,337,359,292,279,281,255,
11/4/2009,MIDATL,203,165,116,84,54,51,32,23,24,42,101,101,31,19,14,19,18,6,23,45,48,40,50,71,
11/5/2009,MIDATL,35,29,26,24,23,40,39,42,28,16,39,68,90,112,180,226,300,300,301,274,263,238,257,261,
11/6/2009,MIDATL,444,434,384,415,426,361,340,273,197,211,197,148,129,107,78,51,30,17,22,16,33,58,60,61,
11/7/2009,MIDATL,68,73,102,116,134,174,234,258,258,187,140,137,132,131,150,173,205,229,261,307,314,325,358,359,
11/8/2009,MIDATL,329,283,300,289,323,368,334,257,172,115,43,23,8,-2,-1,-1,3,18,51,78,102,128,160,189,
11/9/2009,MIDATL,202,211,203,181,148,145,166,156,121,101,87,95,101,108,99,79,94,128,147,162,161,157,135,140,
11/10/2009,MIDATL,109,90,74,69,65,66,47,38,21,28,15,25,25,30,29,35,39,62,67,83,78,92,112,104,
11/11/2009,MIDATL,119,142,167,160,196,235,270,254,224,225,187,153,132,128,115,125,123,129,175,197,209,217,208,211,
11/12/2009,MIDATL,223,220,180,169,187,181,203,226,245,241,213,196,226,229,215,175,143,159,200,241,287,302,293,267,
11/13/2009,MIDATL,250,266,293,240,277,245,206,188,208,210,218,190,173,166,214,225,186,136,148,228,153,171,165,154,
11/14/2009,MIDATL,146,164,179,182,152,92,84,75,50,32,31,19,19,4,-2,0,4,14,21,21,28,56,87,114,
11/15/2009,MIDATL,150,172,185,172,179,222,244,206,135,104,148,185,191,181,190,162,126,147,153,177,208,190,190,190,
11/16/2009,MIDATL,171,150,135,142,126,133,121,125,101,72,58,44,39,37,39,36,49,92,112,125,128,147,150,186,
11/17/2009,MIDATL,209,239,244,241,242,238,249,238,205,182,147,134,151,151,136,135,160,199,213,226,250,247,250,281,
11/18/2009,MIDATL,323,384,429,435,421,447,483,470,398,339,275,197,154,175,210,237,269,332,367,357,388,371,365,383,
11/19/2009,MIDATL,285,299,297,247,276,269,263,255,227,266,220,153,186,139,168,132,102,130,151,169,204,262,253,259,
11/20/2009,MIDATL,307,369,369,385,395,367,367,375,349,326,315,285,271,248,218,188,176,191,203,251,232,230,235,193,
11/21/2009,MIDATL,159,222,228,229,186,134,112,90,105,88,84,61,55,58,59,54,55,67,73,79,90,103,99,85,
11/22/2009,MIDATL,80,84,70,63,48,39,41,35,32,27,36,37,52,46,36,55,79,119,191,234,263,278,302,320,
11/23/2009,MIDATL,353,368,385,388,363,338,311,301,242,188,168,161,130,85,96,107,127,143,153,133,129,152,128,103,
11/24/2009,MIDATL,88,82,88,79,61,38,27,34,37,38,37,34,30,18,6,-1,-1,1,14,26,72,87,113,154,
11/25/2009,MIDATL,169,121,94,80,79,96,105,125,127,122,104,96,90,120,112,80,54,69,65,69,69,62,46,28,
11/26/2009,MIDATL,51,70,57,34,31,28,39,53,43,24,27,34,21,15,31,35,57,127,147,131,210,251,196,274,
11/27/2009,MIDATL,268,283,346,315,345,333,327,356,382,416,468,477,481,516,481,513,532,536,527,492,481,485,493,466,
11/28/2009,MIDATL,469,477,469,487,501,505,515,506,488,480,451,414,374,368,324,321,322,345,402,386,399,397,406,425,
11/29/2009,MIDATL,432,417,381,341,313,325,335,360,357,329,262,223,212,228,222,229,216,261,309,320,397,444,409,354,
11/30/2009,MIDATL,323,325,332,363,331,307,283,314,214,177,222,207,170,225,286,346,353,313,324,371,376,382,364,367,
12/1/2009,MIDATL,339,346,298,339,381,411,417,421,418,420,390,348,319,276,190,135,135,188,212,178,185,175,156,164,
12/2/2009,MIDATL,138,131,151,197,217,233,290,344,386,361,290,248,269,354,370,392,415,466,497,537,561,582,567,526,
12/3/2009,MIDATL,462,417,350,277,370,457,477,480,482,471,468,504,515,510,480,480,434,405,375,360,375,293,291,345,
12/4/2009,MIDATL,330,302,269,198,180,170,138,147,126,98,133,109,99,87,65,49,29,39,55,51,58,37,24,8,
12/5/2009,MIDATL,12,28,17,9,12,29,62,76,56,36,24,14,15,21,38,102,195,204,211,204,209,252,268,288,
12/6/2009,MIDATL,277,260,246,260,266,269,234,271,278,250,181,122,94,70,43,15,17,39,56,66,63,72,100,93,
12/7/2009,MIDATL,76,103,129,139,120,138,124,127,127,120,116,84,104,109,124,166,206,260,285,304,312,357,380,385,
12/8/2009,MIDATL,362,329,271,167,135,112,70,50,49,42,32,40,103,125,162,233,284,336,376,388,434,457,465,519,
12/9/2009,MIDATL,540,542,490,451,355,285,236,223,205,206,240,251,279,279,317,392,405,429,435,433,497,514,482,466,
12/10/2009,MIDATL,440,445,444,472,484,492,458,450,457,458,469,487,487,476,486,491,497,526,538,545,540,538,536,529,
12/11/2009,MIDATL,513,504,514,507,488,479,479,483,471,472,471,472,481,494,490,501,478,454,457,465,483,465,491,478,
12/12/2009,MIDATL,479,488,477,461,347,329,361,228,137,76,52,59,34,26,27,48,76,151,202,233,272,277,284,309,
12/13/2009,MIDATL,333,312,333,384,427,441,506,494,473,463,413,375,334,197,216,238,296,363,433,439,413,456,447,429,
12/14/2009,MIDATL,412,351,259,249,186,186,97,59,54,56,81,73,89,102,127,150,273,348,382,389,413,386,326,220,
12/15/2009,MIDATL,247,274,268,286,321,318,345,388,351,308,283,338,285,255,214,262,313,349,366,409,459,524,531,510,
12/16/2009,MIDATL,514,491,524,441,436,436,411,440,395,395,424,420,444,433,432,432,421,437,442,470,454,447,455,444,
12/17/2009,MIDATL,430,446,420,390,402,415,423,326,298,262,222,211,215,216,198,156,136,156,165,118,80,60,62,67,
12/18/2009,MIDATL,63,55,43,34,35,48,53,39,40,32,24,33,26,31,48,52,77,107,160,178,130,85,85,102,
12/19/2009,MIDATL,148,166,129,133,153,188,182,179,176,173,141,115,82,65,53,81,103,133,107,137,148,149,166,180,
12/20/2009,MIDATL,208,252,246,254,280,283,288,265,246,252,292,318,388,445,488,468,445,455,477,414,393,375,357,367,
12/21/2009,MIDATL,380,380,395,368,324,325,299,271,254,228,252,279,284,312,336,350,331,329,337,389,416,374,311,308,
12/22/2009,MIDATL,272,239,227,223,206,185,243,239,192,160,159,173,174,174,175,196,182,187,169,194,198,211,211,203,
12/23/2009,MIDATL,198,191,201,244,265,295,282,264,263,251,262,270,287,302,314,314,314,314,336,351,336,308,243,214,
12/24/2009,MIDATL,187,160,120,118,98,82,118,144,196,206,158,117,101,119,149,164,217,266,311,328,365,415,476,464,
12/25/2009,MIDATL,479,494,490,475,457,457,464,417,377,330,299,273,271,277,273,268,316,323,342,368,397,422,436,459,
12/26/2009,MIDATL,445,412,361,327,330,332,276,252,211,206,209,186,208,201,186,190,176,165,195,257,245,246,240,276,
12/27/2009,MIDATL,284,279,254,294,287,299,279,220,223,192,159,161,177,142,117,70,41,47,79,122,136,165,195,257,
12/28/2009,MIDATL,347,392,396,403,461,493,466,448,479,496,511,466,464,479,459,464,468,487,520,548,553,544,551,580,
12/29/2009,MIDATL,582,567,554,534,527,499,490,519,532,548,559,552,551,546,540,538,476,459,453,470,466,388,309,291,
12/30/2009,MIDATL,246,227,198,155,125,105,79,63,71,62,65,79,78,69,78,88,113,157,184,178,160,191,169,157,
12/31/2009,MIDATL,145,172,153,133,137,107,78,109,152,157,118,81,58,46,47,64,62,52,60,66,65,65,61,68,
