DATE,COMP,HE01,HE02,HE03,HE04,HE05,HE06,HE07,HE08,HE09,HE10,HE11,HE12,HE13,HE14,HE15,HE16,HE17,HE18,HE19,HE20,HE21,HE22,HE23,HE24
1/1/2008,RFC,697.102,679.046,632.607,612.35,620.483,604.242,606.91,542.047,554.327,590.484,563.15,598.155,644.217,671.176,680.397,683.141,711.008,656.846,662.467,677.037,652.964,658.908,658.224,682.477
1/2/2008,RFC,670.217,654.9,649.07,632.891,613.047,590.891,572.439,560.857,522.23,476.746,435.999,412.949,402.872,406.658,412.235,422.234,411.746,433.429,454.714,478.265,464.777,373.913,291.788,251.483
1/3/2008,RFC,214.066,172.186,208.995,211.308,182.825,158.108,161.951,178.009,211.272,358.53,425.381,377.133,373.129,428.848,460.169,497.969,539.53,581.15,597.811,617.023,643.538,642.098,639.555,673.126
1/4/2008,RFC,704.873,720.668,691.722,687.232,701.842,696.786,675.122,668.433,702.828,687.103,633.932,557.83,506.832,495.769,501.235,536.741,570.959,623.699,675.521,711.437,731.862,746.224,759.288,750.207
1/5/2008,RFC,748.361,743.983,723.454,709.029,683.85,675.316,664.587,650.036,631.843,654.923,642.659,639.439,643.635,619.679,599.449,602.083,600.919,620.223,631.105,670.038,664.83,636.638,697.19,653.388
1/6/2008,RFC,594.204,632.053,637.124,621.524,628.521,642.343,660.845,671.967,657.072,660.614,644.271,636.218,619.843,611.446,610.707,567.332,531.433,527.127,518.587,526.477,525.868,492.321,473.096,447.288
1/7/2008,RFC,445.863,437.25,423.562,480.165,568.535,602.71,644.92,663.808,689.49,693.354,693.958,696.076,686.551,659.784,607.391,589.634,600.725,598.879,642.791,501.633,498.425,501.688,518.618,326.554
1/8/2008,RFC,405.892,229.522,214.786,311.214,417.799,392.437,337.992,305.614,321.23,261.725,287.984,407.797,410.354,416.887,436.335,398.475,338.953,366.651,500.353,633.248,714.91,738.565,746.018,772.747
1/9/2008,RFC,751.42,703.749,624.548,531.94,406.147,401.646,396.358,362.473,351.772,306.347,284.872,235.828,215.475,222.05,204.352,183.475,181.958,182.779,181.157,214.738,272.382,353.183,390.251,420.645
1/10/2008,RFC,442.912,433.655,397.104,381.267,371.437,327.713,403.298,433.389,447.442,432.248,346.988,359.242,372.796,361.374,268.722,258.509,191.572,183.279,187.97,265.452,479.915,549.745,641.293,664.535
1/11/2008,RFC,713.958,742.769,725.037,686.718,658.406,632.248,561.822,523.205,494.99,550.579,443.051,429.071,459.305,414.036,425.733,408.877,352.641,356.288,316.906,278.22,182.955,161.54,134.399,182.752
1/12/2008,RFC,248.501,253.8,218.554,224.871,201.672,299.902,342.35,385.887,401.387,342.886,277.295,250.536,242.146,260.662,299.735,281.427,236.687,195.577,174.11,189.638,243.96,209.077,175.477,195.572
1/13/2008,RFC,222.874,230.381,301.992,348.312,368.125,388.811,409.113,414.27,441.723,401.277,399.508,403.333,361.889,373.516,447.227,476.289,531.579,560.594,529.148,487.905,474.942,426.716,384.333,366.636
1/14/2008,RFC,318.545,319.588,360.008,410.288,463.779,476.655,472.329,469.821,530.228,550.456,563.657,537.217,526.571,555.072,537.458,560.638,560.473,576.763,607.487,644.551,605.979,543.24,489.035,454.381
1/15/2008,RFC,415.6,344.938,303.496,259.493,229.209,213.408,159.072,122.938,117.233,123.214,109.836,136.72,140.776,160.498,180.481,175.541,189.637,204.31,208.916,251.546,326.522,400.944,467.005,554.593
1/16/2008,RFC,628.083,598.292,601.078,657.633,662.418,627.392,624.674,626.193,637.891,604.104,531.617,500.408,532.176,541.203,524.903,458.721,371.688,365.325,405.213,410.964,481.281,499.505,528.488,556.504
1/17/2008,RFC,545.663,490.023,421.089,392.39,342.067,363.972,394.954,481.955,531.937,586.09,641.033,662.26,670.609,680.567,700.633,743.516,771.615,793.848,760.121,723.98,684.648,666.91,673.807,646.916
1/18/2008,RFC,629.438,545.06,410.263,483.478,384.808,465.296,495.041,588.092,630.038,533.487,395.641,470.294,562.984,595.395,597.899,627.067,570.366,591.239,488.182,507.966,584.778,547.718,555.438,532.805
1/19/2008,RFC,607.186,592.715,568.629,582.961,606.823,497.703,448.895,401.927,320.502,348.093,327.482,280.165,353.885,427.438,472.55,441.269,435.77,449.864,382.168,370.609,386.956,349.603,397.311,444.11
1/20/2008,RFC,383.747,360.586,382.07,366.241,367.764,355.439,342.038,337.543,352.042,352.52,337.209,354.83,338.251,347.746,316.883,275.075,251.614,226.607,226.234,238.134,215.747,218.768,220.356,224.257
1/21/2008,RFC,216.52,214.656,207.686,183.534,162.497,193,234.215,329.635,364.036,421.238,526.219,579.019,582.71,579.644,547.078,471.145,444.527,416.921,460.873,492.805,504.487,543.582,623.814,615.394
1/22/2008,RFC,735.629,745.245,754.781,755.377,737.179,753.341,732.609,736.723,705.885,650.93,569.836,483.011,407.904,396.637,392.046,426.748,413.017,474.547,515.178,591.535,679.087,754.63,764.128,750.643
1/23/2008,RFC,745.817,714.229,643.667,595.325,502.453,445.515,382.412,308.342,273.713,311.695,234.655,161.803,130.578,129.881,147.507,142.95,123.342,122.612,167.03,297.424,355.46,432.633,552.618,587.512
1/24/2008,RFC,584.798,615.043,609.249,575.41,553.985,532.079,496.764,473.388,457.346,385.84,247.262,160.429,121.536,133.201,163.764,179.418,193.518,249.756,289.598,334.848,303.722,269.298,283.103,266.099
1/25/2008,RFC,281.429,335.49,403.087,405.121,437.649,467.304,464.941,483.015,566.752,580.222,435.797,377.976,380.177,339.2,352.737,378.908,361.635,363.863,416.635,489.962,556.814,529.725,518.825,417.016
1/26/2008,RFC,390.298,397.15,406.542,372.253,380.279,377.395,344.362,371.205,367.195,464.115,424.224,412.556,454.733,470.89,395.63,379.589,396.714,362.297,344.653,387.056,478.779,503.708,448.97,303.946
1/27/2008,RFC,255.931,153.922,59.658,28.049,30.973,120.153,98.538,54.576,94.887,163.046,195.421,122.306,62.604,70.453,97.12,86.886,74.612,57.089,72.11,106.822,185.917,323.356,433.392,562.939
1/28/2008,RFC,644.245,667.353,647.248,678.921,674.1,687.412,699.017,710.836,685.099,670.191,665.586,669.36,639.136,617.679,637.074,638.78,646.972,669.186,707.312,703.658,648.062,712.658,724.495,683.798
1/29/2008,RFC,682.545,711.72,732.546,743.002,766.821,704.093,660.637,690.435,712.289,687.771,660.462,648.819,641.643,657.852,711.111,641.823,516.227,493.577,470.709,453.257,356.232,326.036,335.165,350.049
1/30/2008,RFC,407.622,466.683,555.77,567.809,569.216,520.075,506.923,500.53,535.264,499.376,454.645,374.569,358.27,444.547,422.378,313.145,270.733,253.672,246.84,249.081,246.485,236.911,235.072,233.925
1/31/2008,RFC,209.803,201.503,211.301,192.457,194.658,221.26,219.678,236.52,240.557,320.339,428.971,398.449,416.659,458.018,513.785,524.495,608.097,660.746,713.375,701.47,665.058,690.234,693.765,702.76
2/1/2008,RFC,746.368,770.004,740.125,640.266,545.602,493.569,576.738,586.087,611.063,618.439,584.663,498.028,407.062,361.958,307.306,235.356,193.027,138.931,140.193,117.237,123.022,185.55,238.499,267.714
2/2/2008,RFC,280.016,280.779,344.805,335.824,422.269,495.07,479.409,497.433,472.546,468.5,496.372,436.984,333.824,232.672,130.959,96.639,55.331,64.028,63.042,77.196,87.852,112.297,143.956,137.729
2/3/2008,RFC,139.17,148.755,111.214,100.858,90.776,95.702,80.95,75.098,74.734,84.586,69.15,65.252,83.652,116.876,202.673,239.298,355.665,380.035,466.796,500.242,444.569,438.019,427.766,387.84
2/4/2008,RFC,319.97,259.939,259.427,199.37,220.12,249.968,272.699,293.547,374.675,575.425,608.561,571.226,522.676,551.257,599.623,617.101,623.048,634.767,576.246,484.247,510.016,395.983,478.568,505.153
2/5/2008,RFC,379.493,358.288,400.406,364.448,515.752,497.341,415.132,493.922,474.438,376.076,355.524,373.345,313.145,297.222,434.874,595.873,650.247,564.595,508.078,520.977,524.499,512.421,516.67,501.215
2/6/2008,RFC,391.276,463.754,460.62,639.17,624.22,559.125,481.252,375.422,525.724,513.216,335.184,420.987,536.27,572.034,526.724,565.504,628.03,651.689,650.049,693.016,711.596,691.483,632.617,587.525
2/7/2008,RFC,569.18,534.592,489.282,426.965,361.413,285.271,234.39,227.696,228.729,228,239.369,269.525,255.986,223.155,188.525,143.138,126.822,92.088,70.481,48.303,42.255,55.8,57.226,70.92
2/8/2008,RFC,112.133,160.717,165.376,176.365,177.502,235.3,235.502,234.229,223.034,219.233,163.641,103.027,146.231,242.939,303.566,392.083,476.859,469.166,477.815,559.324,558.828,549.908,543.1,541.397
2/9/2008,RFC,459.396,418.666,438.871,419.142,520.776,533.795,523.269,485.509,392.484,337.276,341.376,369.649,404.63,356.379,385.706,568.798,692.589,773.798,810.002,825.59,807.693,808.989,810.247,788.655
2/10/2008,RFC,791.504,786.069,834.545,845.381,825.519,777.647,779.291,788.945,810.034,812.865,817.492,803.93,785.612,782.144,756.381,733.986,750.561,741.352,681.446,634.735,560.329,466.328,460.067,433.574
2/11/2008,RFC,399.347,340.521,271.754,203.1,199.673,200.839,202.803,205.419,212.687,207.608,173.622,152.771,147.674,144.682,174.778,247.595,300.413,270.657,329.208,379.481,372.545,368.276,330.487,287.754
2/12/2008,RFC,287.218,332.661,305.579,289.211,313.966,273.944,290.751,287.541,297.835,249.726,207.378,201.524,208.59,190.659,217.916,290.28,370.295,462.469,495.243,536.528,528.716,450.073,422.378,444.455
2/13/2008,RFC,437.172,406.489,369.91,335.852,302.757,273.224,233.289,179.919,140.822,72.293,64.281,116.683,117.112,140.585,150.845,176.129,181.954,168.726,172.015,185.58,250.264,369.959,507.611,613.184
2/14/2008,RFC,705.388,704.601,744.653,725.837,716.656,729.409,731.555,768.91,774.432,713.074,630.324,576.1,605.942,619.315,566.515,454.184,382.005,312.801,273.34,250.684,274.889,377.235,433.972,511.035
2/15/2008,RFC,718.287,714.264,705.429,721.518,687.887,642.566,526.207,536.829,519.966,476.073,401.038,348.425,339.453,328.012,305.893,292.898,239.453,218.816,213.724,188.213,180.108,149.875,143.363,149.633
2/16/2008,RFC,128.73,113.375,89.08,96.505,73.859,60.014,94.13,109.875,121.782,98.159,64.861,86.187,110.922,119.435,152.763,192.288,254.71,244.706,232.03,332.469,439.841,528.012,545.16,595.715
2/17/2008,RFC,663.555,711.009,716.029,757.871,773.846,824.664,850.888,859.44,872.328,701.558,830.423,877.654,839.019,698.821,638.164,708.025,796.071,879.131,866.876,860.33,866.11,857.975,832.551,769.219
2/18/2008,RFC,733.763,712.555,682.147,718.359,721.933,756.835,750.29,786.455,770.634,766.507,742.424,754.297,813.635,812.503,843.821,837.718,806.333,780.67,744.672,751.543,781.749,781.043,760.075,769.741
2/19/2008,RFC,750.858,741.097,727.903,723.885,682.433,672.47,638.329,609.94,568.669,567.402,580.419,586.833,611.227,600.557,602.915,592.541,589.148,467.465,390.293,262.923,210.314,177.515,189.921,162.894
2/20/2008,RFC,166.155,197.749,218.561,340.015,484.922,619.637,610.029,615.912,590.922,543.306,490.518,408.952,380.57,335.902,324.661,296.807,269.064,263.937,211.832,223.521,242.897,289.633,300.573,298.597
2/21/2008,RFC,272.064,202.836,172.62,191.977,236.754,324.013,305.65,214.221,193.623,201.375,249.655,250.921,281.037,207.163,133.177,137.016,169.594,235.471,271.703,280.593,276.427,264.97,289.141,232.788
2/22/2008,RFC,209.673,152.387,123.642,133.194,154.235,175.205,182.467,203.733,260.033,316.757,232.651,163.035,112.13,133.427,78.914,57.427,41.952,76.588,139.225,141.64,157.92,167.503,112.095,96.198
2/23/2008,RFC,46.172,42.925,42.131,44.737,43.642,45.271,44.077,34.121,25.744,8.735,1.406,4.184,8.012,13.907,15.042,21.322,30.173,30.654,43.019,63.055,60.031,65.428,64.688,58.692
2/24/2008,RFC,60.762,64.918,93.372,143.067,126.731,83.091,66.398,74.322,76.888,62.455,35.883,26.147,24.172,34.794,64.955,75.949,89.971,83.808,131.942,193.724,323.244,423.855,496.833,478.831
2/25/2008,RFC,446.969,445.599,488.471,421.865,387.471,324.32,270.229,266.439,223.651,241.719,179.563,116.529,46.61,157.582,163.491,202.252,247.754,329.497,377.773,195.87,52.431,103.741,110.322,130.994
2/26/2008,RFC,179.462,192.532,393.812,460.935,569.834,619.728,697.737,738.463,779.131,749.134,710.969,773.449,747.383,722.074,777.882,794.452,794.526,788.827,740.214,676.104,635.461,601.61,561.439,558.532
2/27/2008,RFC,516.533,447.411,453.591,514.638,518.561,495.561,529.13,561.302,522.07,438.768,335.952,309.19,364.968,475.314,546.919,537.344,500.048,450.914,424.346,438.755,438.38,411.409,486.424,471.626
2/28/2008,RFC,405.984,347.655,291.762,239.316,197.892,182.11,193.478,184.221,167.499,180.975,205.441,231.225,231.696,265.253,321.969,302.415,300.544,279.582,272.893,380.824,476.025,565.908,637.998,667.663
2/29/2008,RFC,671.375,622.125,607.965,562.077,477.301,458.981,411.008,449.385,467.497,466.846,472.408,504.652,600.898,649.822,690.032,779.579,823.911,840.802,842.152,819.915,813.256,812.345,786.342,777.605
3/1/2008,RFC,800.392,804.939,684.807,602.918,511.351,421.316,331.267,264.841,224.009,211.147,214.415,214.691,216.358,237.98,275.563,394.376,572.736,710.62,748.24,832.811,863.264,870.702,865.462,824.018
3/2/2008,RFC,825.257,823.391,802.946,764.434,754.607,730.043,716.256,710.591,682.559,645.219,605.784,579.361,575.163,584.518,628.676,624.023,613.238,641.224,543.336,540.018,563.788,601.016,612.405,542.891
3/3/2008,RFC,390.691,351.352,388.51,517.701,595.655,592.191,448.366,359.077,336.691,461.624,393.175,355.806,385.411,398.217,405.79,425.592,425.366,440.519,474.53,523.467,573.745,515.22,484.794,482.168
3/4/2008,RFC,457.741,422.222,484.462,543.541,543.254,475.367,480.545,436.444,406.037,443.168,465.954,503.727,556.961,563.137,566.575,558.267,576.727,557.503,580.442,558.694,516.433,468.588,440.008,356.293
3/5/2008,RFC,293.744,332.162,336.339,294.467,288.138,210.979,207.187,226.021,253.828,243.229,260.438,283.693,281.771,295.571,277.489,230.22,200.458,163.636,142.271,185.261,218.522,231.369,219.891,255.134
3/6/2008,RFC,299.574,342.951,387.122,379.684,387.167,346.215,294.441,171.445,136.186,186.326,171.832,95.953,51.203,41.522,46.026,23.475,12.397,10.933,40.463,80.268,69.103,80.976,134.504,128.338
3/7/2008,RFC,149.175,142.178,197.085,299.371,432.948,511.77,558.032,638.032,639,675.026,709.061,641.149,664.549,680.128,654.671,693.342,680.86,677.965,619.56,561.867,600.987,606.864,539.153,468.581
3/8/2008,RFC,441.476,430.733,486.308,503.08,500.514,501.136,476.555,494.99,449.282,380.603,344.88,315.3,282.267,287.555,331.407,299.783,223.79,150.454,184.481,198.694,206.148,227.032,227.629,224.859
3/9/2008,RFC,224.62,279.598,0,362.485,379.799,391.51,435.227,458.806,464.497,429.472,352.058,348.502,367.235,400.33,310.797,275.882,274.588,270.283,255.038,242.674,264.914,262.832,269.752,239.242
3/10/2008,RFC,263.517,321.606,261.009,239.481,212.198,196.965,167.14,159.58,143.494,171.116,155.924,138.561,112.774,164.826,196.465,271.723,253.72,125.474,81.127,93.01,62.396,49.564,45.786,55.418
3/11/2008,RFC,56.738,69.933,81.758,76.679,67.519,95.049,167.972,307.074,400.796,411.116,326.316,407.589,450.255,506.747,577.182,609.193,628.629,652.215,564.908,522.463,576.275,610.466,579.688,556.223
3/12/2008,RFC,588.957,513.114,479.58,436.158,352.71,309.302,280.316,335.439,378.583,413.849,397.621,379.074,458.342,507.138,542.173,542.567,580.787,631.114,630.458,677.157,710.949,693.369,671.646,605.104
3/13/2008,RFC,570.542,609.575,619.434,581.267,600.462,596.397,606.019,626.979,596.374,507.891,357.19,242.114,252.54,210.872,251.588,322.467,408.09,423.81,331.142,278.628,319.989,229.307,208.691,230.9
3/14/2008,RFC,201.799,54.112,25.241,63.505,130.062,119.45,106.218,104.542,131.051,152.445,91.776,46.446,29.195,34.661,62.85,61.837,74.007,70.226,71.031,62.167,108.339,165.403,242.533,264.266
3/15/2008,RFC,292.453,368.264,301.166,368.826,414.26,446.983,424.272,386.097,335.4,268.166,251.472,253.591,290.575,285.225,218.029,199.409,218.491,207.248,185.921,155.951,122.139,123.837,106.982,93.185
3/16/2008,RFC,86.975,111.092,148.592,143.977,191.245,192.447,221.101,199.533,184.529,172.172,248.418,303.69,306.093,296.802,299.78,338.499,282.619,260.752,239.906,292.305,398.911,550.108,623.618,601.804
3/17/2008,RFC,569.295,424.08,312.358,311.539,412.191,462.229,485.946,519.671,544.233,569.485,583.816,548.539,605.517,608.187,528.415,497.873,515.984,584.815,583.293,509.795,554.41,612.091,615.704,593.424
3/18/2008,RFC,572.437,557.767,591.215,556.925,495.893,470.588,434.479,428.388,381.35,366.585,347.84,342.094,358.945,287.575,310.096,435.41,269.104,257.259,288.692,336.266,315.639,480.087,635.735,685.961
3/19/2008,RFC,607.594,610.227,616.756,570.192,510.635,540.372,703.597,721.218,687.849,641.172,580.643,558.631,629.291,706.223,661.834,702.905,726.273,714.078,696.191,640.512,545.132,611.723,712.99,794.55
3/20/2008,RFC,735.212,715.284,673.905,609.476,583.705,528.75,400.285,368.367,314.524,294.87,292.647,292.775,301.811,316.534,315.31,322.022,329.987,342.66,357.472,390.285,459.159,557.992,644.384,691.112
3/21/2008,RFC,713.647,752.976,796.364,867.371,879.571,886.808,897.535,900.165,883.069,886.532,873.821,812.181,703.686,611.594,578.813,627.065,626.724,545.532,449.651,256.392,347.022,469.692,430.906,420.81
3/22/2008,RFC,513.391,520.598,557.158,527.879,517.912,476.168,454.62,394.449,374.92,412.359,377.449,347.167,312.845,251.358,163.708,119.912,165.808,114.129,113.843,129.868,121.78,126.507,147.567,156.109
3/23/2008,RFC,165.996,110.259,105.148,89.106,79.723,73.714,58.114,70.335,62.627,36.148,39.226,61.313,51.012,65.677,114.812,143.012,174.581,143.411,157.809,145.128,115.886,129.639,83.369,97.692
3/24/2008,RFC,142.239,145.236,139.908,123.785,94.903,68.854,39.614,22.026,-0.046,-3.458,-0.047,7.141,11.396,40.996,105.192,155.378,199.898,261.163,283.212,331.04,465.514,628.604,672.239,665.602
3/25/2008,RFC,684.943,685.897,683.126,690.169,693.415,682.58,694.739,697.528,682.131,678.466,670.167,680.493,691.12,719.874,756.478,803.533,812.851,810.165,803.431,803.355,770.415,599.209,600.216,648.335
3/26/2008,RFC,590.35,532.345,518.08,333.56,307.517,310.663,345.345,295.263,289.543,245.429,234.265,245.413,262.499,252.211,238.845,232.463,214.016,191.662,157.986,108.271,87.19,105.433,143.758,176.44
3/27/2008,RFC,199.839,156.206,152.983,213.08,258.514,345.82,316.033,402.263,549.589,576.39,524.003,510.317,497.321,526.201,556.221,577.947,638.149,668.037,697.691,705.128,680.658,710.251,745.378,764.176
3/28/2008,RFC,767.104,770.194,725.161,686.093,700.192,651.321,594.06,480.246,466.66,415.819,334.046,332.055,291.305,345.682,315.486,356.532,354.428,338.774,304.337,292.949,315.192,365.456,405.484,419.391
3/29/2008,RFC,357.091,308.056,303.483,307.181,262.032,260.519,295.335,363.95,358.259,306.749,329.492,439.685,421.31,443.489,486.811,486.525,527.179,565.086,596.612,630.355,651.064,688.164,708.05,734.993
3/30/2008,RFC,698.897,680.73,607.072,601.014,583.097,605.999,488.189,466.992,431.143,364.443,290.664,241.823,235.631,220.407,214.409,226.834,279.086,460.649,357.004,338.359,324.403,363.498,420.083,482.404
3/31/2008,RFC,518.947,509.272,606.752,684.418,690.848,740.28,700.977,609.526,557.558,571.316,589.971,633.416,560.983,567.888,684.92,749.311,762.895,656.2,432.025,723.772,768.851,786.02,799.285,820.265
4/1/2008,RFC,863.578,868.443,858.626,864.179,842.418,798.612,808.823,767.067,777.867,810.826,840.995,875.036,846.832,839.274,842.906,781.132,671.809,571.286,494.997,402.771,348.743,338.082,334.817,318.717
4/2/2008,RFC,324.258,302.046,280.305,271.197,239.622,203.228,194.283,186.104,187.793,171.645,146.042,174.33,211.331,216.844,246.238,251.459,236.687,225.833,202.281,191.801,194.479,234.483,345.494,412.959
4/3/2008,RFC,473.363,506.943,618.239,612.571,503.207,469.687,463.105,471.077,433.702,370.295,268.413,277.507,323.965,393.476,394.38,390.056,434.557,556.735,607.901,566.648,513.583,461.076,617.201,708.539
4/4/2008,RFC,667.075,647.141,657.207,654.441,568.615,492.178,458.265,409.718,388.285,312.626,349.674,446.046,500.496,502.037,395.77,338.314,257.583,235.902,196.246,168.463,187.223,219.99,273.215,362.234
4/5/2008,RFC,387.208,386.814,451.379,509.824,458.143,451.074,414.201,401.111,325.216,234.998,137.857,143.664,165.779,132.799,124.798,133.826,139.925,128.678,126.922,133.263,192.612,244.111,362.699,532.245
4/6/2008,RFC,599.982,642.431,698.235,744.431,741.746,659.547,543.235,454.99,379.507,285.31,209.658,332.518,399.164,389.923,401.409,429.069,536.457,555.219,575.092,510.065,615.3,650.028,620.612,677.83
4/7/2008,RFC,665.259,674.09,596.148,559.343,551.004,540.336,640.765,589.698,516.153,494.647,479.173,452.071,464.324,486.616,534.294,601.523,566.057,459.839,378.937,312.533,301.916,217.582,178.201,247.152
4/8/2008,RFC,258.726,229.337,297.498,305.175,339.573,359.484,384.873,315.152,255.836,349.162,389.599,283.749,242.864,357.732,474.251,404.915,297.691,339.722,553.668,671.917,650.017,702.152,677.336,724.8
4/9/2008,RFC,758.516,807.064,803.986,734.572,614.17,504.932,471.147,424.293,329.113,242.378,101.666,60.958,53.418,63.412,53.706,43.772,49.248,72.785,72.646,61.828,210.408,342.926,274.483,415.76
4/10/2008,RFC,482.703,521.889,523.803,617.999,658.72,696.747,703.007,689.143,684.555,618.978,646.026,684.567,695.063,650.341,580.905,663.777,683.751,689.687,683.263,559.965,585.492,772.42,790.76,788.938
4/11/2008,RFC,726.148,627.939,620.559,654.109,697.656,726.565,730.44,733.47,720.183,717.381,733.361,768.141,740.058,757.456,715.848,731.957,710.307,702.049,730.767,811.375,804.315,790.253,809.031,843.77
4/12/2008,RFC,832.576,808.766,791.959,812.642,794.635,784.459,726.842,645.85,593.55,627.902,704.549,713.012,700.152,713.455,676.754,682.326,679.534,678.554,711.073,637.288,582.155,487.701,499.01,576.259
4/13/2008,RFC,530.622,496.849,492.427,451.505,491.447,461.417,499.942,433.573,425.551,455.692,463.871,439.541,374.431,381.968,405.101,433.783,342.268,417.811,392.055,356.799,211.188,253.346,186.676,148.561
4/14/2008,RFC,157.712,122.329,125.97,140.252,156.774,205.099,283.869,274.676,216.557,146.061,91.027,49.146,57.031,69.517,75.66,79.854,70.931,73.319,68.933,54.541,51.93,66.242,70.147,65.472
4/15/2008,RFC,76.255,101.932,132.118,148.038,173.06,162.108,179.254,228.139,263.943,204.39,318.294,517.854,576.48,590.304,609.21,636.742,657.765,666.67,667.313,677.537,682.961,691.089,682.618,666.406
4/16/2008,RFC,652.541,650.757,638.726,644.03,654.473,655.821,649.481,641.415,622.62,638.613,639.399,640.144,635.821,634.379,641.734,648.683,645.121,600.938,518.993,637.905,647.54,649.188,696.693,672.97
4/17/2008,RFC,644.146,627.335,637.306,637.043,601.042,563.398,493.457,459.741,391.766,275.643,197.143,120.842,136.479,63.776,179.702,338.486,407.682,449.016,447.522,400.867,395.646,369.893,421.597,527.305
4/18/2008,RFC,529.929,603.369,544.686,471.872,475.147,507.322,502.941,514.47,507.577,518.233,546.745,533.096,524.296,529.461,590.027,542.656,518.317,492.986,454.349,283.261,225.527,346.999,174.438,199.909
4/19/2008,RFC,179.961,201.068,156.321,127.235,135.823,162.411,181.74,160.269,116.682,80.61,78.256,92.68,113.114,115.792,149.997,173.564,146.826,160.11,178.541,167.951,212.95,284.906,226.863,221.548
4/20/2008,RFC,230.482,268.537,273.178,257.13,289.13,276.383,227.828,173.726,120.417,151.815,133.203,160.434,168.031,127.784,153.06,196.811,136.807,113.486,123.48,130.406,153.84,179.466,202.143,251.535
4/21/2008,RFC,321.676,357.764,372.656,324.912,344.023,355.646,365.588,331.485,282.249,250.726,271.519,335.17,353.423,404.387,414.611,411.651,375.469,392.848,416.833,403.989,361.714,398.037,448.124,480.69
4/22/2008,RFC,524.489,575.817,568.89,610.116,628.164,603.972,657.306,626.243,558.928,445.761,357.029,239.331,261.803,103.929,130.559,137.053,91.643,142.533,131.352,102.487,63.584,72.251,95.565,145.526
4/23/2008,RFC,213.164,263.088,347.806,366.358,392.442,395.244,402.485,412.276,411.272,465.966,440.761,355.178,234.777,177.706,145.741,160.844,184.821,198.412,245.014,234.385,228.192,297.942,388.55,450.083
4/24/2008,RFC,586.894,596.204,606.437,674.869,691.463,684.144,689.02,693.218,650.924,604.205,596.653,637.296,625.269,562.156,476.036,323.061,330.738,377.423,498.916,616.034,636.354,599.107,552.288,534.437
4/25/2008,RFC,522.284,634.372,695.549,690.585,658.318,552.369,618.863,689.944,658.941,676.584,667.647,645.108,641.473,652.459,654.1,664.041,661.969,645.795,650.302,599.444,656.326,608.746,665.96,726.414
4/26/2008,RFC,712.494,709.973,693.427,707.254,702.786,688.26,664.62,577.998,654.016,678.5,655.928,682.315,674.128,704.225,726.353,763.476,802.202,780.872,679.003,548.88,428.313,383.95,369.32,444.197
4/27/2008,RFC,425.074,330.573,393.999,400.665,267.272,181.451,132.745,82.998,56.302,38.066,76.259,69.563,67.155,58.457,58.419,38.536,68.166,91.739,142.332,184.919,209.792,263.857,262.253,257.496
4/28/2008,RFC,240.407,290.695,309.436,282.913,314.548,343.525,436.906,534.897,521.183,479.729,384.903,274.223,270.215,382.281,415.286,555.777,632.97,625.543,606.075,562.805,588.056,562.794,491.774,525.964
4/29/2008,RFC,498.186,448.703,397.068,343.936,304.032,304.059,328.043,318.513,270.439,235.16,205.876,210.905,215.783,222.309,239.964,252.158,254.516,258.387,233.465,184.24,163.485,149.184,144.769,153.682
4/30/2008,RFC,200.771,265.765,334.127,374.43,397.897,444.703,510.218,542.939,503.313,484.568,496.028,558.699,571.418,582.716,586.974,599.639,621.252,557.779,508.832,472.528,433.993,504.755,565.838,585.632
5/1/2008,RFC,593.149,585.08,585.878,548.801,539.829,555.053,584.228,574.593,500.906,490.134,554.9,525.976,456.154,481.969,509.129,546.868,579.431,633.27,659.936,632.107,655.838,663.222,667.961,597.032
5/2/2008,RFC,595.74,595.722,602.74,616.379,607.686,557.044,661.143,670.701,657.772,697.974,659.781,602.374,261.613,261.162,647.786,690.24,701.847,724.425,683.183,702.487,715.775,671.639,580.498,560.507
5/3/2008,RFC,582.698,626.578,650.542,668.333,670.458,669.401,677.993,695.312,701.141,705.128,704.054,718.556,719.325,738.743,760.027,767.943,745.193,718.186,678.305,601.915,446.017,439.005,477.559,407.359
5/4/2008,RFC,498.682,507.895,537.693,495.01,412.591,288.85,193.931,143.454,107.039,123.204,135.25,169.726,195.622,217.661,215.854,188.232,204.259,253.328,282.188,274.952,242.68,292.014,355.206,403.696
5/5/2008,RFC,488.554,479.319,438.7,419.979,418.39,429.11,410.255,380.468,268.158,169.893,186.451,143.495,173.3,227.878,250.536,263.644,316.132,268.88,212.983,145.633,86.592,49.709,30.92,16.158
5/6/2008,RFC,12.746,35.894,119.437,131.084,262.418,247.389,280.227,276.291,169.592,100.677,28.683,57.618,108.817,195.422,292.471,383.671,496.639,580.053,551.428,574.92,562.374,579.382,664.103,681.776
5/7/2008,RFC,608.258,532.36,511.474,452.757,537.621,541.415,516.687,470.334,426.86,400.042,435.435,389.406,366.255,318.514,289.479,286.955,208.818,160.421,161.179,148.575,157.38,216.793,269.158,374.058
5/8/2008,RFC,348.362,579.859,709.917,660.188,650.648,616.435,712.858,718.962,736.988,704.834,710.337,724.016,683.455,644.585,673.026,648.132,595.653,567.603,515.63,426.893,350.25,339.148,405.161,445.795
5/9/2008,RFC,381.616,302.265,288.412,305.701,281.648,237.18,226.792,150.872,144.076,123.806,117.97,113.983,155.941,173.729,170.146,134.908,189.855,157.597,159.688,210.39,201.442,150.537,108.38,84.687
5/10/2008,RFC,88.122,79.977,81.557,91.555,116.025,119.722,97.587,147.437,122.946,80.016,107.331,99.423,86.989,116.356,170.97,269.106,435.484,446.704,443.544,527.631,542.92,517.702,571.231,649.255
5/11/2008,RFC,627.454,721.172,754.139,773.135,709.193,441.495,560.949,541.168,583.523,774.018,903.731,885.28,682.786,651.628,656.192,789.859,850.475,844.228,849.789,832.707,814.666,701.7,701.052,685.064
5/12/2008,RFC,635.1,591.735,590.569,575.226,559.524,463.487,431.251,400.763,263.008,182.047,118.062,91.098,78.596,54.054,53.525,59.581,67.607,83.449,99.256,91.641,122.226,196.522,283.732,376.885
5/13/2008,RFC,511.658,538.263,493.45,534.007,550.529,620.01,660.253,650.487,599.98,628.66,652.325,653.03,697.283,697.134,671.82,663.572,613.373,525.394,493.438,286.119,212.931,380.454,481.628,414.978
5/14/2008,RFC,507.444,567.672,526.062,472.623,442.921,320.454,310.39,295.898,246.429,313.316,299.089,357.221,346.206,355.131,330.318,256.57,199.374,154.481,159.964,158.22,108.658,96.426,131.084,169.003
5/15/2008,RFC,194.132,243.378,282.397,284.628,307.761,377.551,430.985,384.451,179.756,158.179,142.967,95.281,107.497,151.905,175.971,173.498,167.463,119.112,88.32,53.521,63.978,64.274,91.441,95.985
5/16/2008,RFC,84.807,149.354,199.906,241.035,215.927,167.739,160.88,204.99,295.456,202.755,180.652,196.751,188.813,238.874,241.278,303.363,394.455,457.182,582.034,594.93,591.688,624.608,731.365,812.075
5/17/2008,RFC,808.562,832.362,814.604,822.37,790.268,693.076,638.115,598.574,557.894,480.402,466.337,486.661,609.535,616.143,645.383,657.528,621.565,575.517,429.878,309.687,435.524,606.655,562.447,752.534
5/18/2008,RFC,668.049,555.505,398.037,181.412,117.985,156.229,288.146,432.656,418.699,552.747,587.478,605.724,652.335,639.252,551.707,522.543,579.334,576.262,603.795,538.784,403.118,268.691,195.209,167.223
5/19/2008,RFC,157.701,161.124,182.87,212.4,196.658,220.482,233.965,273.758,291.954,306.525,293.246,326.225,370.397,406.695,394.879,372.163,351.842,371.343,302.691,236.69,139.046,201.799,205.009,204.809
5/20/2008,RFC,216.636,150.227,169.824,160.827,135.03,89.366,75.55,84.876,70.291,39.999,81.132,120.008,200.834,292.745,339.401,351.656,390.27,418.114,454.826,426.367,345.574,341.696,385.304,424.034
5/21/2008,RFC,432.406,410.968,407.389,401.616,374.789,409.376,442.433,259.267,177.915,153.991,138.355,186.797,223.37,282.865,332.367,347.818,312.539,286.449,285.986,265.934,232.998,210.904,208.11,196.23
5/22/2008,RFC,202.453,202.802,241.229,278.274,279.003,273.13,338.498,420.394,397.447,326.374,324.671,326.333,309.235,311.547,336.913,315.087,304.029,296.629,400.055,542.508,616.063,623.937,579.155,484.814
5/23/2008,RFC,395.077,364.078,517.607,664.722,562.829,596.866,573.115,482.11,366.484,319.268,313.747,171.781,113.313,304.682,359.112,202.513,177.913,402.928,553.869,512.118,476.424,499.507,489.508,494.717
5/24/2008,RFC,491.245,498.674,449.245,473.386,487.029,391.033,331.132,288.915,239.49,216.297,198.906,285.341,261.223,212.589,208.606,204.348,243.589,365.528,440.166,427.727,297.779,242.822,253.979,370.274
5/25/2008,RFC,495.53,437.632,469.802,499.915,534.031,516.832,503.725,507.912,488.869,511.73,491.109,468.247,456.624,297.879,170.679,161.578,246.85,356.785,406.223,419.711,419.252,473.313,496.736,506.278
5/26/2008,RFC,509.337,684.314,703.386,521.048,522.245,421.74,395.314,430.641,409.842,501.51,474.723,460.309,420.851,540.872,576.769,599.551,465.942,371.943,293.288,246.869,193.738,174.72,190.441,234.491
5/27/2008,RFC,262.208,306.901,358.166,426.747,519.614,667.614,664.261,611.594,653.215,597.648,544.561,581.865,535.42,517.07,572.914,720.107,702.448,702.231,695.326,719.18,693.06,696.336,605.67,609.855
5/28/2008,RFC,563.818,487.461,434.056,405.14,417.819,352.367,347.548,315.097,298.489,342.318,329.562,275.846,212.965,176.519,150.79,130.406,103.507,73.043,53.91,55.204,54.891,53.926,86.541,190.202
5/29/2008,RFC,176.175,149.953,131.226,110.48,106.67,144.274,176.017,180.211,125.959,50.904,39.595,24.842,41.258,79.116,98.808,125.494,95.918,103.47,91.787,117.632,264.949,337.786,430.806,437.068
5/30/2008,RFC,438.449,488.067,561.457,592.856,597.141,563.468,535.702,449.262,386.909,360.284,421.857,426.771,361.276,441.519,415.543,380.803,464.562,253.225,254.796,191.935,159.422,209.515,283.445,375.049
5/31/2008,RFC,414.706,462.61,424.696,543.69,564.707,598.026,657.52,607.33,559.244,470.868,456.073,503.222,561.306,593.694,642.427,660.869,648.164,599.108,558.015,430.316,348.936,282.917,268.265,289.719
6/1/2008,RFC,277.267,241.709,257.747,198.698,174.076,170.484,158.027,122.428,132.761,204.288,250.56,253.719,239.596,204.515,221.333,242.376,322.976,188.449,173.171,178.843,162.364,134.058,105.857,111.992
6/2/2008,RFC,111.792,116.869,130.597,134.71,133.936,126.312,123.625,90.123,58.884,51.56,45.503,48.747,48.841,51.073,58.032,79.918,80.461,79.435,92.196,93.685,154.446,189.085,184.09,144.786
6/3/2008,RFC,172.277,164.64,142.668,228.347,298.646,373.137,436.198,310.103,221.771,256.392,166.436,255.169,235.137,511.571,383.986,215.465,146.856,174.212,109.58,133.684,173.23,268.553,262.922,330.812
6/4/2008,RFC,345.672,263.852,155.852,302.118,272.603,308.735,313.046,205.361,179.238,256.407,236.567,191.778,135.514,242.144,270.301,242.936,152.076,125.197,144.638,314.863,343.993,275.476,358.972,432.748
6/5/2008,RFC,409.139,400.21,374.573,467.728,549.101,576.182,567.998,569.732,574.452,588.306,602.951,648.265,633.425,611.926,606.794,582.248,579.517,543.68,533.367,555.244,540.725,522.094,514.601,604.757
6/6/2008,RFC,719.349,737.498,766.879,757.302,760.882,757.433,738.218,685.868,656.466,679.35,642.609,609.992,573.448,575.661,559.232,529.316,534.907,562.712,567.133,591.595,597.449,564.098,509.668,449.761
6/7/2008,RFC,433.381,401.653,392.014,348.912,302.273,303.998,352.98,339.779,387.241,266.488,308.769,384.321,468.055,462.303,497.604,588.409,567.088,624.153,602.284,591.391,535.61,519.329,532.143,550.385
6/8/2008,RFC,498.271,544.755,571.937,563.05,601.396,607.085,565.658,507.033,545.557,686.261,727.681,717.906,729.681,632.59,522.234,486.925,458.363,515.964,565.769,595.96,563.817,568.136,553.459,525.736
6/9/2008,RFC,469.65,443.993,388.892,323.885,337.518,379.501,471.233,500.753,403.403,341.15,351.145,476.523,304.299,203.772,263.976,294.605,190.596,150.707,114.663,78.749,58.333,97.33,166.546,167.587
6/10/2008,RFC,212.468,338.664,447.773,292.474,102.914,215.788,212.454,185.786,218.887,188.667,217.719,344.339,375.267,332.431,303.641,319.83,326.38,361.748,311.479,314.418,240.606,213.693,252.459,372.968
6/11/2008,RFC,491.954,572.262,521.348,510.699,510.352,503.352,425.752,311.465,237.774,286.366,426.775,548.665,562.305,511.29,405.768,299.843,277.239,327.639,365.599,454.318,514.216,619.251,648.272,561.518
6/12/2008,RFC,583.79,630.155,639.546,629.636,598.347,515.814,508.336,447.193,451.544,394.48,433.721,443.884,483.323,488.376,506.149,533.029,563.847,595.354,604.262,576.137,549.508,503.244,562.261,706.994
6/13/2008,RFC,699.011,614.468,551.226,572.906,448.585,145.765,165.279,218.078,220.054,273.179,479.516,437.103,430.239,467.339,453.611,338.129,327.775,340.381,275.773,285.516,167.165,135.594,189.97,234.778
6/14/2008,RFC,166.488,120.282,119.049,109.014,153.779,174.658,214.612,226.363,203.171,123.159,123.847,145.609,165.314,166.282,178.365,225.449,212.263,208.894,207.799,178.394,187.912,243.139,294.697,253.28
6/15/2008,RFC,288.506,235.984,314.199,368.787,448.199,504,529.259,473.971,247.12,105.939,64.235,110.327,212.613,289.358,374.938,474.57,434.097,283.035,141.534,141.598,134.061,151.183,290.589,370.221
6/16/2008,RFC,438.2,483.404,392.184,318.179,244.616,191.114,185.184,182.196,140.914,168.902,287.067,309.256,345.177,451.286,538.513,628.598,628.676,630.769,534.807,558.491,405.155,270.861,262.455,202.679
6/17/2008,RFC,179.446,174.52,179.262,207.921,153.066,132.051,168.01,172.696,128.747,160.123,210.281,308.298,360.839,364.151,371.147,439.262,511.213,557.878,525.052,505.021,430.029,301.191,289.062,329.879
6/18/2008,RFC,359.858,426.851,449.754,426.679,412.7,400.114,359.106,321.238,247.878,200.09,250.086,280.94,384.259,489.343,500.568,546.741,537.741,443.304,351.086,262.569,140.627,69.721,106.547,181.185
6/19/2008,RFC,192.602,221.927,237.379,222.201,210.236,202.406,187.381,184.366,81.406,39.62,32.85,66.835,142.154,152.31,157.268,144.106,129.226,115.172,76.429,53.247,47.524,60.072,61.837,50.221
6/20/2008,RFC,53.447,69.465,122.823,163.997,167.616,172.79,183.488,157.746,112.03,70.081,70.317,80.518,75.467,80.346,77.779,93.431,111.994,110.282,114.036,115.117,93.332,125.266,120.291,107.737
6/21/2008,RFC,147.133,203.259,201.507,200.783,179.915,163.151,175.877,146.697,119.045,148.283,100.405,66.047,122.457,189.41,236.349,265.724,293.312,361.359,400.137,320.96,132.586,82.013,96.782,106.463
6/22/2008,RFC,116.815,206.381,187.781,153.063,150.073,138.596,168.715,133.14,85.938,107.714,157.456,225.449,292.608,384.193,384.954,387.683,431.777,415.841,432.241,474.941,292.231,161.362,168.671,107.741
6/23/2008,RFC,124.972,121.804,93.334,130.106,127.57,186.461,248.486,215.343,118.331,74.286,66.302,95.531,125.422,105.907,126.431,134.331,122.599,119.76,184.526,201.498,171.217,107.587,141.983,129.918
6/24/2008,RFC,162.672,250.794,252.449,238.695,219.283,204.072,225.646,197.702,143.274,120.468,111.537,128.227,160.173,162.046,190.429,212.093,194.297,182.503,196.156,336.103,197.68,201.173,172.365,213.889
6/25/2008,RFC,284.58,398.441,386.406,205.54,203.183,177.801,104.008,152.336,122.09,135.242,177.445,211.433,312.929,352.635,372.231,253.443,261.841,300.882,298.898,234.333,120.256,102.984,144.537,277.08
6/26/2008,RFC,322.974,410.216,568.741,599.716,529.162,364.414,284.709,269.101,329.722,270.389,223.127,207.183,197.817,188.428,244.05,299.342,355.227,283.696,205.26,178.179,176.367,158.773,157.795,179.492
6/27/2008,RFC,170.091,151.85,156.047,238.572,279.705,281.887,380.809,457.453,339.02,327.268,387.084,219.249,212.818,375.138,435.766,340.874,324.848,269.471,149.211,105.174,108.522,153.884,288.272,306.042
6/28/2008,RFC,401.209,543.013,573.379,484.739,396.233,427.228,426.18,341.539,321.136,362.775,372.326,469.465,425.631,480.855,628.228,762.505,732.144,796.55,809.705,774.572,659.561,516.889,403.318,474.949
6/29/2008,RFC,618.418,672.152,666.846,670.451,628.676,578.206,548.334,463.64,385.352,358.839,284.656,261.067,324.634,396.654,484.131,423.552,506.533,529.373,501.418,485.399,383.135,385.578,443.044,437.437
6/30/2008,RFC,411.623,345.83,295.806,259.616,255.031,253.823,283.97,252.164,184.251,89.005,72.234,94.736,154.275,212.871,227.38,242.447,272.341,357.821,355.844,262.885,159.705,118.978,112.719,114.07
7/1/2008,RFC,131.786,151.008,199.725,252.199,268.07,298.47,278.034,250.134,179.505,66.891,52.76,41.284,72.733,86.034,99.709,104.354,137.993,171.031,158.712,133.55,116.405,208.564,288.959,353.876
7/2/2008,RFC,382.284,377.888,465.391,550.063,592.084,577.49,549.264,496.292,441.858,415.19,533.91,564.298,545.636,600.757,596.402,581.079,544.173,558.461,515.826,482.988,516.848,497.857,501.877,506.635
7/3/2008,RFC,425.061,417.759,391.036,443.789,460.514,444.154,491.587,481.504,442.425,481.426,497.512,458.511,409.198,315.155,263.237,244.12,218.672,176.72,150.02,182.526,227.527,289.979,246.409,217.598
7/4/2008,RFC,247.905,230.25,230.971,244.001,183.571,139.335,123.608,90.765,49.253,13.624,5.628,25.159,66.3,52.395,25.67,22.991,11.293,8.333,10.555,8.943,16.383,21.109,40.23,99.919
7/5/2008,RFC,126.272,110.063,112.092,90.551,47.666,43.242,50.283,40.325,32.869,13.779,9.188,12.747,12.247,8.342,9.074,15.251,16.666,11.548,11.592,12.573,17.326,35.55,58.012,95.738
7/6/2008,RFC,153.712,161.938,156.167,98.886,44.384,42.457,51.767,88.456,100.52,78.789,166.163,226.162,215.769,244.003,254.802,248.659,262.962,249.968,233.231,209.904,200.843,240.057,280.53,293.204
7/7/2008,RFC,327.52,289.54,234.255,195.302,244.307,115.513,80.383,242.946,364.234,319.875,222.337,192.569,132.195,211.267,301.692,356.924,416.96,446.66,443.846,370.288,324.462,382.867,484.774,540.107
7/8/2008,RFC,480.627,407.485,317.178,322.637,176.187,197.241,228.717,247.537,182.253,303.771,188.84,164.312,187.387,240.101,181.335,117.693,98.337,94.352,124.228,149.041,163.833,248.991,296.011,357.559
7/9/2008,RFC,378.589,369.757,354.039,399.06,462.375,472.493,399.437,429.985,365.439,283.154,252.608,264.733,258.413,232.029,177.658,174.979,169.628,144.687,115.355,110.465,128.325,163.644,221.637,245.566
7/10/2008,RFC,278.535,311.655,318.171,288.233,232.288,214.41,244.06,252.823,203.419,161.692,186.539,287.658,331.218,365.025,356.465,356.634,328.859,339.199,205.744,127.225,146.77,216.228,203.528,340.746
7/11/2008,RFC,418.639,409.121,440.184,443.263,374.655,326.826,250.376,215.351,118.262,38.03,15.283,15.408,29.638,36.315,121.839,281.288,240.792,165.358,186.599,149.429,180.065,300.962,378.889,412.285
7/12/2008,RFC,379.306,390.07,519.275,594.27,531.669,384.326,244.383,278.921,254.946,71.912,29.367,72.953,48.931,80.807,80.184,178.994,264.315,350.188,181.246,285.049,303.93,212.15,241.042,252.472
7/13/2008,RFC,335.428,372.271,395.927,414.084,472.679,483.611,505.363,471.183,347.32,260.61,226.024,229.825,343.677,431.26,503.15,607.947,629.874,580.765,506.233,432.81,318.091,278.147,293.682,328.305
7/14/2008,RFC,336.638,339.103,368.829,358.068,305.901,213.536,156.172,101.535,76.114,19.106,11.145,43.408,66.925,71.803,63.811,62.201,63.919,61.456,53.406,26.8,31.122,66.452,97.107,134.424
7/15/2008,RFC,158.056,210.528,266.975,290.5,278.356,271.332,236.868,200.975,153.173,76.992,58.418,64.026,81.191,138.824,182.347,233.894,259.383,265.853,246.596,214.859,181.245,196.257,181.33,174.417
7/16/2008,RFC,205.289,260.846,276.534,269.643,226.24,203.682,184.95,180.529,123.336,46.495,17.585,25.443,26.359,49.445,70.535,114.803,144.242,139.312,101.867,45.768,39.72,50.27,82.525,108.52
7/17/2008,RFC,149.296,261.24,296.26,329.69,324.269,331.504,289.761,229.86,147.574,47.306,45.392,100.524,129.217,120.285,105.281,111.086,136.283,132.692,114.369,103.95,131.484,202.422,267.716,245.835
7/18/2008,RFC,289.996,365.391,364.891,354.965,301.002,234.879,237.096,199.161,137.562,77.289,53.263,40.269,41.451,65.899,74.568,75.085,53.027,46.021,26.152,22.215,23.758,41.843,70.62,76.294
7/19/2008,RFC,122.611,141.803,161.085,191.099,111.442,86.148,82.579,79.133,57.522,64.36,108.484,86.785,131.011,158.573,134.16,122.706,118.168,126.997,91.206,68.14,69.436,61.547,40.242,49.792
7/20/2008,RFC,105.175,267.161,339.915,271.245,167.281,232.379,260.797,229.15,193.24,132.597,118.353,128.837,182.42,186.007,176.5,164.988,192.935,182.35,134.433,162.531,144.352,103.785,113.949,144.483
7/21/2008,RFC,141.085,108.091,104.54,109.224,84.013,63.471,71.645,281.561,343.595,268.071,111.565,101.833,123.574,128.585,92.632,84.861,113.789,86.033,39.067,39.853,90.122,200.451,243.495,297.711
7/22/2008,RFC,97.307,80.741,90.349,94.65,100.173,148.621,150.709,262.456,203.045,89.819,21.372,43.338,71.751,66.907,71.886,87.914,107.829,79.131,110.088,113.441,95.845,86.12,182.399,239.744
7/23/2008,RFC,176.412,140.78,176.344,192.46,252.29,296.922,325.574,264.072,161.441,86.185,67.802,45.318,63.104,62.712,71.576,70.35,89.714,122.058,100.697,52.954,43.114,110.881,172.789,187.666
7/24/2008,RFC,178.974,183.447,179.439,186.483,175.323,187.972,158.485,162.971,153.739,124.83,127.689,117.069,97.82,106.106,198.967,206.944,168.101,198.121,197.306,125.564,113.114,83.721,113.982,148.107
7/25/2008,RFC,144.804,181.323,219.63,233.968,202.616,175.459,187.208,132.407,38.508,12.476,2.75,1.963,7.414,7.541,10.746,16.344,27.997,21.554,8.846,11.134,18.771,26.024,42.657,70.428
7/26/2008,RFC,102.317,138.963,190.172,207.193,209.846,206.496,197.576,192.078,128.746,93.361,107.43,96.599,116.194,131.149,164.846,175.814,181.569,177.36,179.67,138.333,144.418,203.559,186.712,159.293
7/27/2008,RFC,174.896,189.862,170.819,160.447,141.981,115.376,112.906,124.725,79.202,70.482,37.286,59.876,121.804,165.42,205.966,237.788,240.29,163.21,102.245,60.278,82.282,139.803,187.91,237.678
7/28/2008,RFC,120.973,54.025,43.381,47.274,65.097,77.569,89.98,72.785,60.393,31.017,16.696,17.82,24.681,19.271,15.517,20.366,24.906,23.717,19.817,37.791,40.145,32.243,34.651,64.532
7/29/2008,RFC,73.69,56.447,61.065,64.384,56.029,52.264,36.062,20.498,8.749,9.348,20.876,44.968,73.117,90.527,101.62,129.096,103.866,93.149,104.73,160.828,281.726,311.738,88.494,28.183
7/30/2008,RFC,128.107,170.238,161.747,152.827,209.957,225.413,249.11,256.188,241.242,176.341,119.629,50.142,54.314,123.702,163.224,250.099,207.307,192.133,229.849,227.613,197.289,210.151,258.199,342.202
7/31/2008,RFC,337.122,308.624,303.026,246.907,271.487,236.483,241.338,163.641,95.617,62.027,57.015,57.967,63.999,80.878,157.298,118.255,110.441,188.406,191.574,117.268,228.164,259.126,222.33,189.054
8/1/2008,RFC,131.703,170.377,294.335,317.09,290.819,234.311,174.176,151.034,94.495,74.715,77.14,91.302,102.307,108.133,101.93,93.811,66.28,53.08,56.999,65.843,105.175,111.553,173.94,196.249
8/2/2008,RFC,236.271,288.008,296.585,302.703,196.736,207.236,215.521,195.529,130.306,89.405,81.871,81.301,97.441,102.582,127.281,114.172,107.576,106.348,137.592,92.975,87.889,149.38,184.22,184.406
8/3/2008,RFC,177.514,134.457,117.353,125.726,122.187,114.169,129.854,158.483,147.905,118.554,176.042,217.008,246.481,98.809,146.001,176.885,228.47,228.892,229.973,227.625,235.146,333.126,347.957,300.665
8/4/2008,RFC,294.118,342.691,400.763,350.037,338.227,358.783,356.012,330.38,290.912,167.818,117.733,114.05,159.791,163.12,233.65,244.382,240.734,259.813,335.931,342.901,312.672,237.272,301.725,254.517
8/5/2008,RFC,169.712,202.47,239.973,234.839,185.492,245.31,324.126,415.431,280.367,257.214,167.941,158.363,233.207,169.033,171.653,232.14,212.631,182.825,162.825,129.826,141.033,186.059,198.33,209.481
8/6/2008,RFC,216.359,238.354,270.711,277.817,277.362,264.908,226.165,266.999,260.974,154.076,125.215,150.086,176.415,189.2,209.522,228.54,232.445,233.323,186.26,200.741,213.376,250.702,292.879,268.62
8/7/2008,RFC,329.368,415.381,452.07,444.875,387.621,385.253,397,339.928,244.117,132.869,134.24,139.858,186.671,199.64,264.01,343.387,334.071,314.076,296.433,189.76,162.072,209.529,244.614,259.74
8/8/2008,RFC,187.231,124.352,124.492,129.937,166.49,150.183,128.868,112.25,103.431,119.747,134.408,142.229,147.271,169.616,198.408,204.469,194.302,213.356,189.722,160.691,198.035,187.03,173.852,162.677
8/9/2008,RFC,154.245,137.045,155.952,136.769,155.471,184.707,146.472,183.304,167.225,152.384,153.817,125.365,90.817,96.076,93.834,160.279,180.116,169.474,117.352,64.352,109.47,167.422,189.045,216.181
8/10/2008,RFC,311.726,342.851,374.349,341.728,344.604,353.595,409.997,358.157,261.633,197.799,208.127,159.157,121.307,118.513,190.114,241.975,234.272,173.092,151.019,109.918,110.083,159.838,253.288,232.332
8/11/2008,RFC,172.69,123.906,77.146,57.702,58.146,85.918,120.807,191.709,193.489,119.522,118.816,124.504,128.572,109.053,102.673,118.778,123.951,114.234,114.215,124.641,127.991,146.428,180.68,207.202
8/12/2008,RFC,197.513,172.759,164.667,183.814,170.596,172.191,168.982,150.148,133.327,113.873,88.021,80.608,75.722,45.424,42.721,50.061,45.514,35.497,24.382,17.017,15.371,12.518,15.588,9.959
8/13/2008,RFC,7.927,6.78,20.786,23.821,29.331,29.001,28.889,29.339,23.371,15.939,15.326,15.98,13.177,8.271,5.319,6.361,4.847,17.223,27.475,79.718,40.94,35.982,42.501,70.879
8/14/2008,RFC,49.649,70.726,95.27,96.478,107.461,135.938,94.361,39.684,18.242,11.569,9.718,8.095,12.315,20.279,26.337,29.778,39.426,26.868,27.82,29.658,53.491,92.125,125.624,202.305
8/15/2008,RFC,283.53,234.181,162.809,132.044,122.842,192.352,161.832,119.642,105.861,29.25,13.686,21.367,40.899,73.113,82.081,76.746,47.91,49.875,89.621,121.867,177.684,199.17,140.438,135.316
8/16/2008,RFC,88.503,51.181,46.118,40.138,37.54,70.534,102.072,69.299,54.086,44.985,41.24,38.099,44.504,43.25,47.774,51.414,65.919,62.358,60.727,61.099,74.238,76.018,94.233,119.284
8/17/2008,RFC,133.357,108.791,98.621,88.461,83.774,94.581,121.636,122.575,92.747,79.76,52.751,67.995,89.072,94.066,89.426,73.956,66.034,66.948,57.556,54.655,74.542,118.69,139.909,184.57
8/18/2008,RFC,229.306,220.018,170.844,150.255,157.386,166.43,134.043,160.201,143.643,56.608,16.759,19.297,22.497,30.221,33.618,46.371,54.056,50.537,50.809,62.302,94.488,120.616,149.443,160.597
8/19/2008,RFC,166.402,163.558,187.52,206.137,212.184,239.014,226.817,187.843,111.141,91.411,103.742,108.783,102.129,118.403,107.495,90.371,80.786,75.645,78.272,59.88,82.599,94.281,75.852,103.653
8/20/2008,RFC,144.795,207.516,217.477,242.309,280.339,256.448,233.655,226.949,172.913,103.666,48.546,19.719,19.825,42.059,67.702,68.545,58.272,62.721,50.875,70.969,165.105,233.597,275.286,292.931
8/21/2008,RFC,275.803,284.164,315.958,327.95,298.428,256.139,232.347,234.366,178.138,111.539,85.319,51.796,56.984,129.783,140.865,119.43,185.9,243.312,169.382,193.729,270.664,316.37,324.901,339.572
8/22/2008,RFC,364.729,376.096,402.289,333.011,279.708,273.849,259.62,245.547,200.638,200.826,315.108,318.757,282.757,273.136,281.21,310.016,357.489,344.699,365.16,337.792,354.863,423.882,409.263,396.598
8/23/2008,RFC,398.608,404.519,397.67,381.754,359.721,353.767,306.053,288.107,258.44,178.765,131.302,79.495,66.132,64.124,42.034,29.506,26.959,38.342,56.165,103.004,169.584,213.246,273.498,281.024
8/24/2008,RFC,308.485,365.491,363.505,350.572,269.892,236.806,243.418,252.227,186.98,82.036,62.278,54.905,63.433,61.671,75.117,92.066,124.783,117.844,151.834,156.015,218.934,291.905,280.355,276.136
8/25/2008,RFC,403.907,383.357,287.589,239.138,211.47,215.071,294.017,338.128,285.888,146.107,118.005,137.638,162.62,189.898,218.58,241.947,225.765,218.273,246.905,256.269,305.318,417.005,475.824,438.117
8/26/2008,RFC,425.363,449.485,445.793,477.71,519.417,498.529,468.063,489.419,425.955,285.78,207.367,172.662,159.536,130.582,128.058,145.506,130.473,134.381,147.243,166.24,229.602,281.864,363.907,368.666
8/27/2008,RFC,374.619,354.938,323.35,303.195,266.872,246.093,226.217,236.773,205.519,186.694,194.059,220.369,241.956,242.62,225.357,202.411,199.613,189.934,196.34,216.033,229.325,240.631,250.281,232.265
8/28/2008,RFC,217.443,228.654,296.691,336.923,335.277,374.749,399.384,371.616,309.515,241.176,294.756,430.45,397.028,531.601,282.552,243.661,150.824,122.386,90.211,105.235,150.203,165.719,169.211,113.409
8/29/2008,RFC,128.583,135.408,93.339,84.28,162.982,90.529,84.894,106.442,87.871,81.005,104.638,85.977,35.567,32.697,34.138,42.407,62.994,67.53,73.855,76.32,99.657,128.704,81.176,35.024
8/30/2008,RFC,24.931,33.434,65.627,81.596,72.342,75.033,80.542,37.821,47.503,38.319,22.272,30.843,22.299,22.693,28.346,19.238,19.633,35.101,36.789,52.536,78.769,83.951,73.94,67.855
8/31/2008,RFC,71.364,75.153,74.485,86.872,112.562,179.298,223.294,221.13,185.27,139.287,75.412,60.496,71.812,63.778,49.988,52.3,59.717,65.854,61.859,70.592,105.865,163.893,251.048,315.363
9/1/2008,RFC,328.894,411.064,455.776,404.655,414.317,404.92,389.454,340.576,280.364,180.373,72.356,28.961,19.958,23.041,39.711,56.13,49.687,54.838,77.015,106.406,191.031,307.362,410.408,412.451
9/2/2008,RFC,413.362,401.576,403.088,332.109,290.426,288.154,255.325,230.494,182.319,107.789,27.528,23.063,35.999,31.037,32.123,45.473,32.702,20.823,25.152,14.715,18.544,30.358,44.478,37.401
9/3/2008,RFC,36.729,50.883,116.512,161.772,180.56,135.219,135.144,150.856,168.435,182.953,191.664,150.412,113.876,122.044,175.077,192.271,224.216,235.686,140.955,105.666,182.404,321.137,419.139,408.73
9/4/2008,RFC,352.051,222.281,217.095,239.213,244.89,268.271,260.35,282.223,267.797,292.716,264.744,183.629,157.635,211.808,287.872,371.571,405.563,338.373,242.179,398.754,506.359,521.069,561.246,545.768
9/5/2008,RFC,503.431,481.34,426.606,376.57,339.994,282.544,259.351,251.917,214.469,235.004,206.854,182.556,147.532,134.304,121.026,129.089,119.28,155.124,182.493,185.83,191.371,169.742,130.674,92.221
9/6/2008,RFC,127.068,103.991,79.758,73.972,75.807,54.715,45.829,58.307,40.066,31.111,23.5,12.554,17.304,39.314,79.951,141.929,210.668,238.229,263.174,331.412,334.112,333.575,303.496,263.199
9/7/2008,RFC,223.518,268.852,294.413,240.678,212.652,145.508,125.236,129.159,134.476,65.55,53.796,73.045,97.384,132.603,146.167,134.93,123.395,90.603,71.186,54.455,59.878,83.672,118.327,132.054
9/8/2008,RFC,176.641,216.29,203.865,185.517,159.774,129.212,118.795,76.708,18.629,17.257,16.511,17.815,129.693,180.498,106.188,134.796,119.414,113.681,129.351,252.147,249.476,308.036,250.816,284.732
9/9/2008,RFC,308.629,284.611,344.495,294.261,337.274,402.418,408.394,282.295,194.181,158.829,125.705,115.153,106.419,100.948,77.707,88.89,91.765,83.499,77.829,58.072,46.012,51.307,55.461,145.79
9/10/2008,RFC,232.132,279.438,293.883,292.242,300.028,299.016,278.548,281.582,236.013,131.528,69.775,78.644,79.874,43.652,39.44,42.457,58.82,77.817,90.926,110.346,187.828,302.615,384.187,418.433
9/11/2008,RFC,503.866,580.146,569.633,582.657,612.503,586.166,533.665,490.241,479.655,331.655,216.177,164.74,148.907,137.831,124.075,149.994,153.821,165.898,182.815,212.788,244.214,299.869,360.024,397.794
9/12/2008,RFC,404.228,448.024,422.035,373.838,298.443,234.802,184.64,165.638,154.92,146.438,110.993,126.176,156.448,193.685,171.946,182.908,162.876,197.771,237.034,229.101,237.665,244.052,336.868,408.501
9/13/2008,RFC,448.156,445.823,377.547,440.921,501.894,493.274,536.483,516.169,543.193,586.618,671.704,597.101,497.904,389.513,398.125,471.762,400.534,449.628,550.062,451.612,494.989,500.829,295.072,307.037
9/14/2008,RFC,311.319,354.623,337.21,304.795,338.539,377.198,392.278,418.056,606.479,553.682,546.58,579.956,621.487,645.253,679.365,651.45,632.095,576.974,566.014,486.313,484.731,541.625,511.291,515.539
9/15/2008,RFC,526.983,513.918,511.346,477.849,411.656,362.617,347.642,337.714,351.631,362.818,338.273,310.339,291.54,274.074,228.449,197.243,186.634,190.091,172.564,162.573,104.897,88.634,80.028,78.919
9/16/2008,RFC,69.024,47.232,38.804,56.381,33.611,21.052,5.401,1.175,9.838,5.507,4.261,13.387,17.096,20.452,37.786,41.038,47.543,51.52,52.807,70.501,114.3,154.971,206.901,243.169
9/17/2008,RFC,273.59,298.25,312.108,305.114,308.055,320.646,283.557,242.204,212.56,125.456,48.624,44.438,19.322,11.571,27.341,35.687,33.482,30.041,25.3,45.501,62.016,74.593,122.548,119.925
9/18/2008,RFC,133.202,192.316,267.166,292.351,292.864,301.557,256.379,233.033,210.804,113.286,57.339,59.044,64.402,57.655,45.106,40.564,35.122,34.868,32.473,86.458,178.429,231.262,322.309,488.099
9/19/2008,RFC,559.005,593.281,594.8,606.772,588.68,513.843,498.838,502.784,431.601,280.131,138.684,74.147,54.239,43.458,47.058,73.256,85.246,74.478,79.27,104.598,121.987,143.079,192.101,234.584
9/20/2008,RFC,221.142,204.112,179.01,183.326,181.806,145.465,128.184,69.191,40.721,7.935,-5.208,-3.945,-5.001,35.975,29.184,-3.797,5.605,19.735,3.702,5.254,13.895,33.922,70.372,121.87
9/21/2008,RFC,119.362,94.295,75.176,58.79,53.369,43.305,33.228,26.137,25.094,12.382,5.013,-0.49,-3.471,8.412,6.783,30.076,38.424,33.926,29.476,20.231,12.778,30.567,47.476,35.75
9/22/2008,RFC,30.319,35.052,37.303,51.073,76.535,93.624,96.139,91.722,68.806,49.06,11.038,0.277,3.336,5.905,21.136,37.719,64.352,53.171,60.479,124.499,190.427,222.945,267.087,319.364
9/23/2008,RFC,357.57,447.876,400.922,401.861,412.444,387.817,355.998,340.214,301.409,182.309,118.996,98.585,97.231,94.805,87.009,103.979,115.158,108.186,97.788,185.703,356.577,412.999,321.941,292.219
9/24/2008,RFC,314.084,352.643,377.846,348.069,314.187,324.144,327.751,355.376,248.214,124.626,76.42,73.301,52.882,41.318,32.957,38.95,50.897,95.14,115.204,140.636,195.794,172.205,195.114,245.582
9/25/2008,RFC,245.362,256.282,268.714,282.922,297.397,332.449,398.885,406.05,358.72,319.927,241.243,200.568,164.458,153.278,162.029,122.046,91.544,100.092,153.371,207.439,298.215,387.847,398.134,360.798
9/26/2008,RFC,400.647,525.331,553.078,508.264,456.817,451.828,450.232,433.208,394.735,350.157,286.898,252.651,228.847,208.928,218.268,201.863,164.384,158.008,171.979,193.237,228.846,287.755,393.887,466.286
9/27/2008,RFC,389.752,307.795,274.199,200.105,193.459,177.55,132.255,95.216,80.62,83.229,82.461,85.093,84.322,64.383,43.334,47.971,23.844,21.329,31.646,44.258,48.979,43.855,71.376,61.808
9/28/2008,RFC,19.184,4.231,4.845,11.789,27.757,45.91,52.61,80.561,137.659,145.191,159.44,177.782,170.654,158.823,146.785,160.278,188.099,210.694,197.094,272.998,430.976,446.87,377.22,362.835
9/29/2008,RFC,389.564,350.47,311.575,318.738,314.828,287.222,266.179,181.774,105.598,258.643,114.918,186.566,271.726,340.59,373.038,348.226,328.679,259.444,182.376,101.335,71.814,55.152,62.267,91.916
9/30/2008,RFC,114.022,128.229,199.238,220.202,242.281,344.543,316.29,360.765,317.052,259.937,232.666,270.288,282.131,334.223,386.07,405.344,364.116,378.845,352.988,274.718,209.809,194.072,199.8,267.645
10/1/2008,RFC,228.089,187.168,187.17,190.391,198.812,305.156,326.646,330.093,326.267,218.484,245.11,365.153,413.256,425.26,447.462,460.73,502.89,566.199,581.871,510.375,502.077,542.876,528.207,501.343
10/2/2008,RFC,557.939,523.838,521.855,527.331,547.296,503.166,512.436,513.046,483.279,426.508,400.665,527.426,531.167,529.022,573.304,580.506,555.985,530.406,480.01,395.841,369.968,387.89,421.034,475.921
10/3/2008,RFC,494.409,531.272,624.694,589.383,537.655,486.83,456.673,374.197,355.231,325.13,314.154,314.424,242.761,174.439,134.553,155.474,105.455,80.42,117.906,222.054,340.972,401.146,415.005,335.736
10/4/2008,RFC,280.737,278.363,298.894,300.817,268.606,325.457,322.355,332.638,292.727,161.587,127.686,99.885,29.449,10.904,8.227,8.319,15.493,8.27,11.068,70.06,190.681,287.478,400.485,397.884
10/5/2008,RFC,454.135,471.231,493.753,482.99,483.203,428.606,428.215,412.374,382.304,333.323,197.267,154.626,121.948,142.827,126.247,127.605,140.769,153.728,149.816,227.84,316.092,338.621,387.356,370.5
10/6/2008,RFC,364.088,340.73,302.507,339.631,354.546,317.984,298.567,305.292,311.73,219.905,104.324,53.157,59.352,76.404,100.648,132.277,169.625,229.357,258.817,287.269,322.354,385.275,478.263,560.778
10/7/2008,RFC,608.12,627.545,623.435,619.599,620.165,604.965,559.807,527.986,462.094,395.499,349.79,268.068,252.016,357.024,408.303,430.441,455.554,414.797,422.049,405.493,374.821,355.839,415.357,380.457
10/8/2008,RFC,325.299,285.046,320.601,296.879,394.399,446.305,432.967,382.51,401.317,356.575,256.385,234.115,249.043,274.496,319.531,348.71,282.716,247.327,196.215,176.982,218.717,272.521,420.1,539.384
10/9/2008,RFC,554.883,588.115,589.389,579.548,555.548,492.277,402.564,404.775,361.107,273.173,197.424,201.198,191.376,123.028,93.909,90.229,67.854,60.93,93.293,163.65,159.239,175.477,205.789,223.556
10/10/2008,RFC,241.983,238.319,259.379,260.213,316.583,353.812,431.48,510.646,520.607,389.892,202.283,225.606,289.286,281.384,256.757,241.925,216.513,183.171,123.65,213.248,407.518,520.326,538.182,518.921
10/11/2008,RFC,530.816,490.757,471.471,478.866,426.296,331.753,314.998,345.406,329.465,230.102,125.964,99.046,83.341,116.849,116.7,118.158,134.434,152.88,137.527,139.761,144.141,242.749,389.624,497.92
10/12/2008,RFC,508.707,495.015,523.373,472.422,465.797,459.922,391.754,365.851,346.213,276.059,156.401,143.696,139.949,196.222,189.648,187.04,178.165,158.283,185.971,321.712,491.634,588.133,574.275,559.796
10/13/2008,RFC,539.059,545.337,522.549,459.76,398.656,305.3,311.931,354.871,314.937,261.093,217.255,200.703,201.764,302.068,348.893,341.852,326.256,332.262,225.209,218.891,247.567,281.611,384.343,434.563
10/14/2008,RFC,471.433,556.417,607.812,635.382,724.571,569.015,578.328,436.837,440.869,282.363,151.624,122.952,125.497,142.013,156.074,155.737,144.741,109.571,112.837,132.075,130.874,136.882,140.077,140.327
10/15/2008,RFC,123.742,113.664,87.763,113.53,143.134,178.335,165.763,134.087,189.26,210.123,182.099,163.495,162.07,328.661,336.461,178.255,165.264,253.504,443.601,446.577,379.242,453.624,485.488,484.657
10/16/2008,RFC,499.473,548.618,501.1,590.572,643.48,648.893,664.29,627.8,621.806,476.794,373.25,325.737,302.252,263.916,233.585,230.829,181.719,176.083,154.426,182.275,235.329,233.216,225.445,169.022
10/17/2008,RFC,141.962,133.593,110.485,86.12,59.969,54.267,62.404,71.01,101.469,85.814,49.091,26.086,21.741,20.149,21.304,38.906,67.703,66.819,138.583,152.891,149.36,155.324,122.901,152.288
10/18/2008,RFC,154.524,154.164,170.602,176.256,200.754,180.034,177.251,166.587,170.873,121.009,50.849,39.004,43.282,42.959,34.83,32.302,36.566,45.644,59.127,58.813,55.941,66.932,136.103,242.991
10/19/2008,RFC,371.012,459.829,551.267,571.084,551.727,561.198,628.588,708.001,737.425,555.567,419.486,531.595,642.982,627.815,556.099,519.472,513.524,515.57,405.846,484.702,652.824,671.559,703.253,764.093
10/20/2008,RFC,757.824,688.441,602.133,538.421,476.833,478.807,498.366,474.384,453.875,266.4,129.836,76.132,87.017,127.054,134.622,166.162,167.686,197.787,182.409,218.708,311.547,448.107,539.753,541.46
10/21/2008,RFC,528.275,573.902,652.287,701.305,651.429,553.745,570.564,571.063,515.311,481.449,411.831,374.234,406.684,430.939,441.866,447.436,442.838,444.877,491.922,629.634,876.446,945.671,924.807,896.49
10/22/2008,RFC,854.746,787.058,726.752,621.858,528.839,601.682,755.998,866.709,809.087,830.702,871.081,866.706,823.042,815.345,830.774,774.813,738.844,737.962,727.092,759.828,822.656,862.748,875.039,856.07
10/23/2008,RFC,909.006,915.85,902.554,910.343,888.57,861.965,863.162,876.041,879.802,825.182,766.895,665.315,592.221,514.638,449.624,418.667,432.25,472.043,594.307,661.326,627.532,744.764,743.052,637.119
10/24/2008,RFC,511.088,483.347,426.577,468.057,474.548,503.844,558.095,531.836,496.84,492.559,503.33,533.884,522.472,458.567,425.163,506.745,494.456,416.53,433.44,389.922,464.494,393.02,474.682,565.366
10/25/2008,RFC,644.613,643.203,669.853,697.356,738.881,763.217,714.367,633.353,603.709,466.543,428.084,527.162,642.629,794.081,974.6,1060.822,1079.282,1093.081,1098.762,1070.29,1175.307,1187.06,1180.562,1143.466
10/26/2008,RFC,1123.883,1099.533,1039.903,1081.184,1114.619,1108.456,1030.698,1038.937,948.429,908.427,976.438,1039.02,1050.139,1091.508,1075.851,1047.44,1045.065,986.135,924.465,978.166,889.083,943.562,1044.881,1064.069
10/27/2008,RFC,1062.198,1012.582,971.461,969.086,994.247,971.039,1060.388,949.54,849.449,834.044,983.326,1102.949,1071.786,1021.461,979.058,1005.07,916.555,905.217,783.143,722.413,643.181,613.059,602.267,708.899
10/28/2008,RFC,774.942,794.444,791.773,788.323,787.149,819.833,792.972,711.025,683.216,587.158,482.114,553.217,793.591,805.846,837.385,856.844,886.359,919.97,775.45,771.381,870.234,948.878,1064.325,1082.01
10/29/2008,RFC,1039.203,944.016,1031.618,1040.76,1018.563,1000.285,927.267,902.088,838.311,713.249,501.603,408.953,387.253,400.528,446.801,440.593,432.036,423.17,420.723,387.183,405.836,399.804,376.85,382.047
10/30/2008,RFC,415.961,550.221,612.708,653.013,705.284,797.065,821.167,875.967,878.291,824.599,582.014,430.726,423.244,540.43,627.116,583.515,591.651,545.069,531.823,617.197,841.017,910.916,946.95,995.379
10/31/2008,RFC,1004.403,1034.757,1022.984,1025.567,1051.637,1095.079,1052.405,1017.724,971.261,901.451,618.387,481.455,434.694,319.501,204.13,191.571,249.049,279.552,389.945,535.951,655.194,723.96,831.669,865.918
11/1/2008,RFC,834.155,743.939,621.111,570.48,586.751,605.453,611.432,537.407,468.649,375.902,270.663,224.713,155.657,146.895,164.604,171.595,166.361,159.864,213.52,321.461,507.354,500.527,443.469,456.939
11/2/2008,RFC,462.412,974.329,453.654,426.249,440.473,437.954,446.66,450.657,394.961,281.249,210.822,203.884,267.929,461.594,619.42,651.606,644.086,600.824,598.336,676.88,712.814,796.173,767.258,732.507
11/3/2008,RFC,776.67,775.483,744.614,691.824,602.816,584.542,545.033,542.548,497.078,338.588,257.782,314.143,408.533,465.418,505.931,520.082,457.094,425.908,592.548,683.225,753.126,792.214,819.242,784.075
11/4/2008,RFC,783.058,663.858,635.837,612.258,583.398,577.861,604.113,585.581,508.775,311.419,191.561,211.992,264.95,359.909,419.009,414.164,438.286,452.987,522.432,672.792,730.084,820.534,857.828,831.369
11/5/2008,RFC,794.965,773.098,817.347,822.995,774.196,727.788,737.23,741.251,719.389,610.789,659.14,775.212,799.146,800.846,801.843,805.026,779.389,761.563,812.432,861.345,862.735,880.609,871.473,872.356
11/6/2008,RFC,880.935,910.257,940.678,966.078,986.763,978.06,998.341,989.904,965.266,930.32,909.607,895.762,875.525,817.142,707.884,618.8,527.467,494.261,551.81,545.231,461.34,474.275,451.515,460.063
11/7/2008,RFC,638.012,663.993,647.177,603.423,499.613,393.469,469.664,543.009,456.31,445.585,517.833,560.889,638.864,608.398,543.23,513.884,545.205,561.944,596.833,612.252,639.421,746.692,716.398,784.817
11/8/2008,RFC,907.03,982.973,998.965,926.166,832.689,767.487,660.286,608.296,618.894,798.162,962.952,939.389,895.678,876.718,912.312,872.425,877.811,900.502,927.981,798.651,717.042,738.914,745.938,660.289
11/9/2008,RFC,702.197,761.173,709.223,627.734,634.225,582.692,534.556,449.615,473.935,537.563,600.982,651.604,697.916,741.656,711.02,778.336,711.293,647.783,584.189,589.48,600.065,530.926,458.455,421.414
11/10/2008,RFC,454.722,463.769,469.356,408.851,427.003,448.801,415.508,373.442,351.058,301.695,295.401,295.498,294.962,264.581,259.752,268.551,266.17,215.859,175.302,187.375,209.691,246.481,199.957,147.384
11/11/2008,RFC,138.404,153.145,218.081,288.598,346.208,475.546,486.852,423.885,433.586,413.499,438.654,435.01,423.584,392.381,476.061,503.389,584.394,665.159,733.706,773.264,779.115,667.604,581.068,599.262
11/12/2008,RFC,571.446,575.358,513.557,500.477,490.488,519.397,539.921,415.579,362.356,401.687,392.35,346.91,340.605,299.223,236.624,210.814,178.308,193.035,196.964,224.446,217.704,221.796,269.926,306.151
11/13/2008,RFC,370.341,453.892,568.693,672.581,802.244,783.403,730.999,674.009,772.366,811.19,809.501,872.696,848.971,840.529,877.604,904.027,897.227,896.514,884.025,845.359,800.869,833.776,822.237,797.054
11/14/2008,RFC,786.807,693.978,659.498,598.095,504.132,429.294,300.456,243.791,258.418,255.547,200.545,171.473,133.886,88.627,155.572,79.825,116.037,199.306,329.517,436.463,542.201,555.93,618.011,622.397
11/15/2008,RFC,597.315,590.918,503.901,548.886,783.169,890.558,881.375,884.768,818.21,876.789,890.842,904.742,864.96,877.402,945.962,962.968,948.011,903.895,916.393,903.116,859.67,859.231,916.55,875.379
11/16/2008,RFC,875.039,892.569,936.329,900.693,853.774,837.568,803.353,798.834,832.678,803.363,747.257,677.631,612.955,597.673,572.315,598.053,508.264,533.658,550.143,545.235,884.336,857.295,982.99,996.923
11/17/2008,RFC,884.318,748.314,642.581,633.263,550.428,548.237,558.103,432.34,274.585,308.408,356.491,379.698,440.483,547.5,651.596,622.757,531.377,581.7,599.554,492.078,532.05,460.347,462.105,616.158
11/18/2008,RFC,729.58,657.04,616.739,607.376,614.822,610.771,619.701,564.008,465.845,370.449,299.509,306.032,322.472,341.288,356.38,366.342,370.015,384.761,424.322,425.717,505.809,557.433,616.364,636.563
11/19/2008,RFC,669.171,721.25,793.481,806.592,905.737,927.136,929.166,947.543,842.597,761.965,772.655,726.671,676.871,518.782,444.073,465.042,452.899,431.156,526.041,648.604,775.335,923.816,950.625,869.745
11/20/2008,RFC,875.394,855.046,847.324,762.529,779.38,737.026,740.121,813.01,802.167,868.512,943.078,939.899,991.321,974.463,989.506,1050.801,1021.506,965.268,825.604,934.482,976.043,998.46,997.207,1018.458
11/21/2008,RFC,901.68,877.606,871.573,890.516,853.448,817.753,726.535,613.944,569.461,500.722,404.252,367.175,406.768,468.325,486.667,496.882,479.782,432.098,395.858,430.038,465.139,408.713,348.024,403.927
11/22/2008,RFC,418.159,428.346,455.952,511.749,574.358,608.251,750.351,689.276,720.063,752.119,740.796,780.688,770.351,742.6,749.331,722.281,655.592,567.149,535.954,456.423,443.488,585.473,676.954,624.637
11/23/2008,RFC,545.247,555.764,543.784,515.668,560.215,520.418,510.434,534.09,561.903,430.878,293.273,258.695,325.793,401.965,474.758,511.031,446.814,530.074,761.345,881.929,942.12,963.569,948.091,866.4
11/24/2008,RFC,763.042,582.245,502.995,483.447,413.207,389.589,472.346,628.885,765.313,769.859,860.998,951.297,1059.22,1105.697,1132.87,1077.304,989.25,851.263,900.914,970.132,878.218,825.969,745.351,760.992
11/25/2008,RFC,852.56,841.335,840.021,871.209,928.402,887.868,747.6,648.507,581.586,539.853,584.75,542.839,443.916,402.757,428.482,450.192,441.316,445.841,460.605,451.049,466.927,456.823,430.499,431.746
11/26/2008,RFC,423.9,427.675,454.425,459.33,435.775,379.311,356.409,344.441,413.494,317.533,298.002,281.024,266.916,224.896,201.21,147.767,123.764,111.754,113.168,96.833,118.998,171.902,194.185,174.479
11/27/2008,RFC,202.19,205.619,193.37,212.466,225.689,191.22,164.491,208.672,184.991,195.538,193.237,278.18,300.244,363.537,421.191,421.722,534.751,615.736,803.015,819.603,814.842,801.016,902.619,1033.144
11/28/2008,RFC,1059.624,1116.33,1059.672,960.978,898.728,967.171,963.531,903.769,881.072,759.728,608.672,559.49,476.139,417.991,370.045,369.606,346.111,393.032,447.28,415.486,398.042,386.651,306.605,308.021
11/29/2008,RFC,230.34,200.921,142.507,130.651,108.618,71.649,45.707,46.376,26.77,7.359,22.079,58.289,61.868,38.087,3.247,3.913,13.897,46.253,78.461,145.116,231.676,311.078,291.349,291.576
11/30/2008,RFC,287.351,333.618,426.349,508.179,615.325,715.676,682.118,629.006,646.786,583.76,599.296,587.333,551.934,544.828,536.276,527.419,523.861,531.411,582.68,701.52,821.187,861.983,886.71,944.217
12/1/2008,RFC,1005.945,1063.879,1113.679,1095.678,1017.073,920,925.431,908.196,889.285,880.443,957.624,1004.047,1020.933,1048.272,998.717,1033.643,939.217,808.691,812.915,637.841,718.718,729.816,682.298,683.282
12/2/2008,RFC,540.793,494.244,435.28,384.85,444.019,467.339,460.291,488.997,553.368,652.896,772.904,658.087,628.768,637.804,665.266,754.119,892.674,945.514,992.03,1039.635,1112.466,1147.15,1152.358,1154.197
12/3/2008,RFC,1167.675,1092.653,1078.331,1159.15,1176.865,1175.06,1119.505,1081.252,851.035,700.809,546.359,386.615,309.069,342.524,354.637,335.348,508.811,671.287,791.45,930.425,1046.443,1105.702,1117.013,1069.169
12/4/2008,RFC,894.113,762.457,733.363,743.118,612.992,678.471,718.388,685.429,692.121,635.297,540.948,434.814,391.42,336.809,439.595,464.509,641.998,706.507,845.668,897.927,811.806,799.055,865.03,930.746
12/5/2008,RFC,863.835,819.542,729.88,679.279,594.929,501.584,458.683,480.269,440.596,303.667,188.543,190.916,214.581,306.605,392.592,441.008,432.493,498.764,703.711,920.686,954.772,955.057,910.873,880.868
12/6/2008,RFC,896.994,887.539,890.227,891.221,903.686,869.997,843.854,696.721,604.046,690.82,702.665,757.575,888.357,886.443,864.749,901.886,925.395,902.308,940.007,1042.358,1032.985,1018.567,1061.771,968.164
12/7/2008,RFC,861.073,826.526,856.085,819.431,793.595,737.031,623.83,556.666,463.446,433.848,446.326,457.268,454.199,504.919,534.245,589.84,588.632,782.447,927.067,957.456,881.705,856.22,830.94,721.258
12/8/2008,RFC,642.515,567.631,461.874,431.648,398.929,341.806,325.266,311.167,282.558,328.195,320.123,296.625,316.292,361.775,421.974,568.374,684.162,755.601,820.604,904.086,880.493,848.639,970.327,1026.76
12/9/2008,RFC,1067.245,1079.5,1021.477,1010.573,999.892,983.718,992.818,940.001,898.892,870.521,856.488,990.74,1103.277,1031.574,881.712,851.906,950.223,1020.753,1025.314,1050.645,1087.09,1148.855,1155.541,1135.332
12/10/2008,RFC,1075.465,997.36,949.105,888.536,712.029,656.125,629.468,530.089,592.499,496.183,382.113,369.504,339.509,237.002,202.917,125.218,93.434,72.23,74.507,44.137,39.001,23.623,21.056,37.784
12/11/2008,RFC,34.678,53.534,106.839,152.097,227.294,298.409,362.224,445.317,421.153,431.652,215.51,147.064,76.516,100.045,186.904,199.195,343.618,592.284,766.754,778.531,818.075,709.359,690.157,650.934
12/12/2008,RFC,482.821,491.317,396.852,439.234,438.17,387.943,430.763,447.64,359.361,303.098,275.212,280.844,207.407,153.557,141.387,116.377,68.397,43.964,51.148,78.095,123.911,211.775,352.954,582.432
12/13/2008,RFC,741.543,744.662,804.514,839.214,835.525,851.599,856.247,884.552,917.351,919.272,913.892,909.672,897.793,899.433,880.257,882.218,887.048,883.977,884.205,870.885,896.826,929.185,944.32,958.063
12/14/2008,RFC,954.059,950.993,953.802,989.912,1001.77,993.639,1006.551,1010.141,1031.161,1001.993,1003.849,1031.753,1047.371,1053.088,1044.554,1029.548,1024.364,1044.462,1074.748,1075.107,1053.744,991.491,1006.416,823.745
12/15/2008,RFC,1031.414,1085.305,995.024,949.464,894.842,837.256,895.372,916.228,1037.28,941.836,936.405,896.676,842.978,724.89,653.497,618.286,598.536,595.885,637.149,662.139,688.229,683.401,597.723,518.948
12/16/2008,RFC,449.958,331.137,361.812,341.915,305.729,308.189,195.505,130.876,109.925,30.594,20.118,26.316,77.82,148.198,233.404,325.145,447.186,549.108,661.285,586.626,467.73,313.326,230.422,229.225
12/17/2008,RFC,257.66,311.21,312.878,319.254,276.926,259.439,227.471,359.168,359.689,359.363,418.714,444.202,404.811,354.162,339.284,341.798,321.446,294.571,284.958,185.564,175.655,119.71,141.438,130.214
12/18/2008,RFC,129.416,110.812,90.33,63.85,43.447,25.833,41.44,49.236,27.137,4.172,0.06,10.265,12.004,53.936,111.799,141.225,174.843,197.146,181.83,210.382,253.098,234.504,292.502,206.999
12/19/2008,RFC,259.803,284.574,265.513,173.415,146.482,215.895,269.818,344.912,383.465,430.466,545.404,568.914,622.53,632.087,493.493,529.678,514.198,525.158,545.085,499.566,464.659,427.698,412.791,370.997
12/20/2008,RFC,350.171,364.425,368.217,380.87,337.714,173.284,141.404,180.265,194.597,178.722,240.949,204.315,173.862,127.784,44.828,19.961,32.159,36.114,35.062,43.086,212.666,488.669,611.066,660.503
12/21/2008,RFC,631.535,619.608,573.63,555.729,573.207,582.329,570.428,580.07,641.944,691.191,816.769,831.859,858.374,917.693,929.665,930.765,955.621,965.038,950.4,955.13,945.919,944.252,935.672,942.858
12/22/2008,RFC,910.665,861.847,802.057,740.39,651.927,568.983,532.296,526.39,569.546,503.283,390.009,341.823,344.907,340.713,366.362,303.768,301.514,314.032,303.384,291.989,289.119,283.043,323.351,460.295
12/23/2008,RFC,552.651,583.612,529.778,585.951,672.86,692.635,731.072,794.487,863.682,882.081,870.984,813.303,605.874,751.926,719.284,679.668,666.219,627.497,598.039,685.471,737.673,698.149,639.681,718.179
12/24/2008,RFC,834.376,747.063,561.732,513.774,416.867,372.963,411.753,499.657,560.473,785.248,899.342,1066.224,1120.626,1156.862,1145.543,1163.757,1184.014,1169.643,1176.403,1147.596,1158.477,1122.804,996.273,862.222
12/25/2008,RFC,680.38,741.691,731.32,578.135,450.967,420.426,436.907,427.323,380.676,307.264,274.556,276.164,223.229,231.716,265.38,417.351,513.03,546.144,707.285,817.412,752.074,776.653,794.679,691.4
12/26/2008,RFC,679.113,746.004,827.142,885.076,904.041,901.596,772.889,792.578,870.587,886.95,835.223,817.416,818.207,827.653,842.038,910.109,947.185,960.002,1004.616,1022.477,1047.706,1027.766,1030.903,1061.863
12/27/2008,RFC,1071.855,1077.413,1088.848,1090.171,1106.667,1116.139,1124.882,1104.394,1062.073,1093.493,1084.378,1108.416,1084.541,965.075,559.099,291.425,384.13,755.144,830.811,776.65,748.687,780.583,867.335,938.159
12/28/2008,RFC,929.931,1036.512,1076.155,1116.522,1129.077,1097.454,1138.111,1130.075,1110.207,1111.869,1122.251,1076.983,980.552,816.577,686.831,648.857,615.804,593.143,683.006,805.105,911.994,912.977,910.705,905.862
12/29/2008,RFC,902.844,942.969,927.746,924.861,950.721,963.417,992.672,980.641,1031.206,1064.315,1080.088,1122.671,1125.135,1112.984,1042.856,1047.963,1052.942,1113.783,1098.092,957.636,845.837,675.616,603.545,578.569
12/30/2008,RFC,554.206,503.753,474.701,430.417,412.396,377.384,519.235,733.059,921.585,968.35,1142.347,1091.205,932.467,776.706,566.816,547.614,628.005,762.56,830.294,916.132,959.664,1001.216,980.341,1001.203
12/31/2008,RFC,1143.697,1204.628,1226.204,1226.274,1246.312,1204.545,1021.364,960.275,891.644,876.312,762.878,651.562,569.634,524.252,441.794,394.959,357.116,333.094,321.184,312.334,320.412,321.282,320.165,348.998
