DATE,COMP,HE01,HE02,HE03,HE04,HE05,HE06,HE07,HE08,HE09,HE10,HE11,HE12,HE13,HE14,HE15,HE16,HE17,HE18,HE19,HE20,HE21,HE22,HE23,HE24,,,
1/1/2009,WEST,274,429,462,552,698,755,744,758,801,797,818,826,830,789,745,595,517,422,535,568,553,631,639,617,,,
1/2/2009,WEST,641,649,638,621,677,760,747,652,458,397,359,319,276,243,219,201,193,190,212,236,304,345,321,363,,,
1/3/2009,WEST,471,559,682,745,848,871,967,895,804,770,760,767,746,778,756,763,785,770,796,805,732,680,666,689,,,
1/4/2009,WEST,704,607,451,385,390,524,654,771,790,784,805,804,857,871,901,879,856,884,837,764,649,542,486,496,,,
1/5/2009,WEST,578,622,595,557,494,413,317,254,227,174,112,95,111,89,55,54,75,52,111,162,164,180,219,346,,,
1/6/2009,WEST,441,492,503,478,404,366,235,139,130,161,147,155,131,129,103,63,29,22,24,29,35,28,34,59,,,
1/7/2009,WEST,59,57,76,75,83,96,110,153,252,412,600,814,892,849,951,972,929,758,730,727,805,939,852,795,,,
1/8/2009,WEST,836,783,722,680,711,649,709,687,701,698,661,534,513,570,498,403,376,395,382,384,374,306,296,278,,,
1/9/2009,WEST,249,249,255,286,343,398,533,730,869,944,829,678,617,518,424,409,350,364,411,381,408,508,537,522,,,
1/10/2009,WEST,608,631,674,742,765,649,620,522,510,519,620,659,642,622,531,499,484,312,203,334,415,330,268,197,,,
1/11/2009,WEST,133,178,213,150,140,108,101,98,96,81,88,94,66,52,65,98,169,172,262,293,404,409,328,312,,,
1/12/2009,WEST,234,179,158,178,170,132,130,126,129,171,197,219,251,202,196,216,300,517,611,489,410,440,451,500,,,
1/13/2009,WEST,643,730,876,850,864,883,892,912,899,778,719,595,563,529,432,377,341,331,305,292,290,272,259,246,,,
1/14/2009,WEST,273,430,531,637,741,731,688,596,531,483,349,256,563,677,719,792,769,729,792,861,888,788,730,752,,,
1/15/2009,WEST,762,742,747,737,590,532,468,448,442,454,405,339,352,394,511,466,401,413,434,470,539,550,575,552,,,
1/16/2009,WEST,538,522,500,470,412,341,239,136,188,188,154,166,152,152,186,249,299,416,506,658,777,831,787,727,,,
1/17/2009,WEST,708,660,674,695,719,724,734,788,817,832,811,803,814,825,792,776,824,872,929,854,871,883,799,830,,,
1/18/2009,WEST,767,706,618,598,533,526,565,514,379,320,240,189,147,132,166,135,89,59,47,54,56,89,106,165,,,
1/19/2009,WEST,272,438,525,544,446,481,514,469,409,326,296,308,254,289,318,281,280,318,314,308,305,317,322,346,,,
1/20/2009,WEST,347,458,548,569,572,536,514,463,427,401,317,366,389,310,266,303,349,411,441,494,435,406,389,414,,,
1/21/2009,WEST,410,375,323,385,545,671,715,751,792,858,742,698,671,552,516,478,473,522,564,563,470,435,429,491,,,
1/22/2009,WEST,518,517,516,564,558,441,411,369,347,366,418,414,375,367,391,426,443,506,642,866,1007,1049,1054,1070,,,
1/23/2009,WEST,1071,1082,1034,948,967,925,826,796,766,860,921,978,911,861,870,829,889,963,897,902,1039,1074,1037,1044,,,
1/24/2009,WEST,1036,970,894,837,839,827,783,655,570,449,336,255,240,238,277,289,300,230,236,262,223,183,176,167,,,
1/25/2009,WEST,191,144,120,136,113,106,85,82,49,42,25,13,35,41,37,27,34,6,5,24,18,16,18,25,,,
1/26/2009,WEST,26,23,25,27,39,32,22,10,3,-1,-1,1,3,5,4,6,-1,11,20,5,3,3,21,4,,,
1/27/2009,WEST,57,57,68,123,164,194,187,177,151,118,60,45,37,49,93,143,153,185,179,183,164,124,95,103,,,
1/28/2009,WEST,106,159,206,213,271,312,300,291,275,247,193,110,182,272,366,351,187,288,498,685,798,897,926,936,,,
1/29/2009,WEST,879,855,783,775,729,663,670,704,768,739,567,520,567,719,791,867,891,932,957,887,807,846,873,800,,,
1/30/2009,WEST,739,671,652,753,849,811,782,719,643,576,440,387,341,338,335,333,319,319,312,335,389,464,516,568,,,
1/31/2009,WEST,454,358,388,479,587,781,903,953,1006,1015,965,1003,1040,1078,1042,989,988,943,1008,1028,1073,1077,993,986,,,
2/1/2009,WEST,1042,967,869,732,720,640,670,645,661,623,512,481,368,337,394,349,381,415,491,532,627,668,669,661,,,
2/2/2009,WEST,558,573,495,459,451,447,454,466,457,486,538,616,779,725,758,827,802,788,707,564,371,296,330,327,,,
2/3/2009,WEST,311,421,657,811,866,854,828,776,728,771,836,881,905,904,900,921,930,887,804,721,791,805,830,853,,,
2/4/2009,WEST,878,866,866,806,802,788,782,764,731,579,458,448,417,397,391,368,340,308,287,280,263,202,204,203,,,
2/5/2009,WEST,257,335,459,580,728,868,964,962,981,971,904,919,933,886,909,907,865,749,696,722,774,798,769,633,,,
2/6/2009,WEST,597,616,590,526,532,393,361,363,404,446,415,324,314,350,417,594,794,871,925,936,978,1036,1026,1007,,,
2/7/2009,WEST,1011,1017,1016,986,1061,1053,1015,1006,1027,1054,1032,1026,1022,948,859,768,669,688,794,860,853,742,765,786,,,
2/8/2009,WEST,864,874,730,719,623,454,372,390,343,296,261,254,265,267,261,260,259,256,212,157,199,229,224,208,,,
2/9/2009,WEST,293,340,465,539,589,592,573,634,720,622,556,550,623,710,763,783,826,834,843,887,890,932,931,950,,,
2/10/2009,WEST,943,929,923,909,903,904,900,901,900,887,884,855,820,818,771,684,553,527,543,647,691,705,680,692,,,
2/11/2009,WEST,654,397,309,145,133,245,349,435,443,376,549,409,407,555,659,856,644,940,1095,1058,928,986,938,971,,,
2/12/2009,WEST,961,982,918,870,809,720,687,759,769,738,802,851,885,851,887,913,905,865,712,714,740,713,728,739,,,
2/13/2009,WEST,704,732,693,578,552,479,381,285,248,217,205,221,230,227,234,258,267,233,251,323,199,236,246,218,,,
2/14/2009,WEST,246,270,264,157,239,320,335,492,501,452,422,394,359,351,300,296,332,366,291,285,319,360,418,430,,,
2/15/2009,WEST,426,429,349,309,272,244,255,254,268,266,258,230,177,184,225,293,283,245,268,272,227,210,187,220,,,
2/16/2009,WEST,191,151,118,138,108,55,43,66,84,94,119,119,113,161,180,175,198,165,175,233,384,473,582,613,,,
2/17/2009,WEST,621,605,696,833,678,637,700,666,638,689,687,700,566,609,675,697,624,729,723,796,787,770,704,684,,,
2/18/2009,WEST,666,685,562,462,486,517,392,435,475,630,711,762,809,881,910,889,909,961,984,1050,1121,1130,1118,1142,,,
2/19/2009,WEST,1106,1073,1069,1075,1029,1057,1001,918,854,943,942,895,842,843,854,876,918,916,838,752,715,703,725,723,,,
2/20/2009,WEST,665,571,483,392,328,250,216,210,201,173,159,178,194,178,192,205,234,246,274,372,554,632,694,704,,,
2/21/2009,WEST,752,742,657,469,523,465,543,688,766,823,853,851,874,891,928,957,961,998,1039,1055,1051,1046,1006,899,,,
2/22/2009,WEST,820,764,768,791,772,750,684,653,636,588,510,463,535,784,826,736,712,751,700,658,636,568,589,604,,,
2/23/2009,WEST,551,466,416,424,402,365,345,339,310,261,250,261,273,262,266,263,258,257,281,298,297,297,336,383,,,
2/24/2009,WEST,458,496,549,544,579,556,589,548,521,440,575,639,622,560,515,491,489,492,541,621,665,708,772,780,,,
2/25/2009,WEST,719,735,767,742,772,721,621,581,556,634,631,561,593,572,662,601,486,310,219,184,174,190,189,248,,,
2/26/2009,WEST,330,422,437,479,495,506,566,742,811,756,629,686,760,770,723,576,519,732,719,710,592,531,748,870,,,
2/27/2009,WEST,931,938,909,943,922,917,911,914,882,850,791,534,379,300,342,289,300,383,631,878,895,856,842,669,,,
2/28/2009,WEST,712,769,686,649,648,614,484,399,484,596,614,563,508,450,448,450,519,613,648,699,660,586,491,402,,,
3/1/2009,WEST,338,401,465,551,580,599,568,655,694,681,639,627,635,649,645,686,641,652,711,641,580,599,674,679,,,
3/2/2009,WEST,646,655,643,621,600,573,546,530,474,442,516,481,433,471,485,479,471,490,496,486,524,533,494,417,,,
3/3/2009,WEST,303,310,309,305,331,303,289,302,266,218,245,294,254,298,295,334,349,363,350,359,386,437,426,445,,,
3/4/2009,WEST,534,429,413,437,486,561,599,578,480,470,493,431,360,317,312,344,389,448,610,761,839,883,876,851,,,
3/5/2009,WEST,884,896,894,890,878,873,906,875,893,857,859,854,854,852,865,879,893,888,924,966,996,997,958,947,,,
3/6/2009,WEST,896,961,1074,1037,965,1000,896,794,693,452,305,211,189,196,188,143,190,237,329,415,396,437,499,560,,,
3/7/2009,WEST,612,658,758,623,604,546,409,507,450,426,668,703,438,198,369,498,526,566,438,414,527,541,633,674,,,
3/8/2009,WEST,907,821,,808,626,680,653,596,513,566,627,777,796,650,438,485,493,628,790,799,774,772,708,714,,,
3/9/2009,WEST,700,658,545,430,411,357,338,308,368,370,372,418,424,474,515,562,535,481,436,377,528,547,627,676,,,
3/10/2009,WEST,550,503,405,580,629,580,426,395,406,440,367,439,510,684,811,777,789,728,670,652,894,955,1002,1007,,,
3/11/2009,WEST,1189,1162,1165,1201,1254,1268,1276,1266,1264,1178,1025,926,914,935,950,1053,1125,1160,1174,1138,1105,1077,1137,1096,,,
3/12/2009,WEST,1032,864,691,567,514,485,443,449,458,391,247,163,123,108,48,11,7,52,65,50,39,59,66,87,,,
3/13/2009,WEST,107,115,133,123,90,80,89,78,123,76,88,83,63,44,38,30,26,10,4,4,12,8,3,6,,,
3/14/2009,WEST,9,15,45,77,82,53,31,24,38,53,60,60,72,75,81,52,32,49,40,35,55,89,167,187,,,
3/15/2009,WEST,269,242,250,281,246,172,113,52,36,13,12,13,52,92,80,46,51,64,101,123,181,244,316,415,,,
3/16/2009,WEST,531,470,450,353,260,160,88,39,22,12,14,30,21,8,17,33,35,53,48,39,59,104,228,315,,,
3/17/2009,WEST,348,400,549,640,725,779,811,831,888,825,611,643,820,956,996,1049,1065,1059,1049,979,1025,1082,1097,998,,,
3/18/2009,WEST,873,886,910,846,771,869,764,606,499,300,262,382,420,432,484,682,586,575,495,293,301,235,478,612,,,
3/19/2009,WEST,726,798,829,853,860,813,738,624,568,526,445,319,286,321,459,611,775,811,755,629,577,600,552,490,,,
3/20/2009,WEST,413,372,324,284,249,244,194,188,182,160,153,155,160,100,86,98,110,100,100,127,206,336,396,368,,,
3/21/2009,WEST,201,136,176,276,314,327,471,420,381,344,346,374,306,182,101,62,43,44,46,58,120,237,350,387,,,
3/22/2009,WEST,380,398,429,337,302,304,261,245,199,221,172,153,325,373,370,384,427,442,459,420,564,596,679,759,,,
3/23/2009,WEST,901,972,971,953,966,956,920,975,1008,987,1003,1008,1035,1058,1074,1119,1167,1204,1203,1205,1212,1208,980,969,,,
3/24/2009,WEST,1052,1158,1185,1181,1174,1186,1159,1149,1171,1178,1183,1165,1154,1126,1026,896,1017,1111,1111,1088,1085,1117,1128,1092,,,
3/25/2009,WEST,875,749,569,391,343,407,386,411,480,421,643,820,828,876,879,852,900,796,662,443,208,153,144,111,,,
3/26/2009,WEST,123,121,148,168,165,172,157,256,170,72,63,84,94,146,151,169,187,229,209,174,138,114,145,147,,,
3/27/2009,WEST,120,263,282,276,322,395,393,406,397,431,477,445,366,312,319,410,349,347,430,570,632,715,770,781,,,
3/28/2009,WEST,852,941,969,949,892,830,884,863,952,1067,1073,1112,1051,1034,1095,1225,1166,1268,1271,1218,1172,1209,1224,1224,,,
3/29/2009,WEST,1154,940,916,705,756,736,757,777,776,885,1056,1162,1151,1196,1309,1328,1275,1263,1190,1011,878,892,855,775,,,
3/30/2009,WEST,605,519,451,326,257,195,140,154,197,186,207,335,444,499,528,583,774,900,1025,1088,1147,1154,1217,1197,,,
3/31/2009,WEST,1157,1068,989,1000,926,903,955,1062,1109,1159,1126,1130,1148,1164,1188,1164,1183,1284,1345,1350,1266,1255,1234,1094,,,
4/1/2009,WEST,992,1061,1151,1171,1130,1245,1310,1202,1209,1248,1262,1173,1163,1161,1138,1109,1106,1004,769,506,372,446,354,431,,,
4/2/2009,WEST,308,117,94,162,245,388,557,779,738,747,686,586,610,410,345,416,707,789,906,1176,1290,1257,1337,1339,,,
4/3/2009,WEST,1295,1272,1383,1369,1337,1307,1304,1313,1228,1224,1165,1114,1136,1194,1153,978,1006,876,824,635,447,452,479,489,,,
4/4/2009,WEST,474,458,401,343,357,352,310,283,301,222,198,222,218,225,251,246,322,502,752,954,1022,1145,1216,1072,,,
4/5/2009,WEST,995,1033,1060,1072,1002,1061,975,899,974,905,853,790,721,604,686,640,806,826,1083,1128,1056,1283,1335,1297,,,
4/6/2009,WEST,1189,1209,1183,1175,1274,1297,1270,1236,1195,1282,1226,1177,1151,1203,1200,1232,1090,973,955,857,717,751,711,886,,,
4/7/2009,WEST,977,991,944,904,852,852,896,1058,1059,1039,1071,1167,1298,1282,1300,1309,1324,1352,1303,1133,955,975,1059,1074,,,
4/8/2009,WEST,1063,995,883,782,666,590,517,447,342,269,232,267,386,507,551,620,701,751,702,516,366,404,398,401,,,
4/9/2009,WEST,361,415,466,473,383,247,128,80,51,46,77,84,66,59,55,77,86,92,71,43,45,115,174,294,,,
4/10/2009,WEST,558,671,753,796,904,1006,1046,1060,1075,982,908,1032,1091,1175,1197,1192,1158,1158,1100,949,889,877,837,839,,,
4/11/2009,WEST,775,657,636,577,530,506,558,645,646,379,307,332,370,422,417,382,401,393,435,549,722,889,890,792,,,
4/12/2009,WEST,668,636,620,549,607,654,648,578,456,343,312,467,704,702,811,869,934,912,864,929,1114,1202,1179,1105,,,
4/13/2009,WEST,1062,1039,1060,1030,1028,1065,1139,1182,1190,1182,1158,1135,1111,1051,943,766,627,492,395,347,307,251,240,224,,,
4/14/2009,WEST,224,229,188,222,248,284,290,363,386,413,453,439,477,554,679,704,586,462,426,360,211,226,274,279,,,
4/15/2009,WEST,294,306,313,403,374,410,403,480,461,335,357,408,386,408,413,446,474,449,456,294,237,231,211,176,,,
4/16/2009,WEST,150,168,208,215,210,234,279,259,215,119,32,54,89,157,207,196,194,216,273,305,368,500,568,552,,,
4/17/2009,WEST,479,501,519,472,418,388,356,332,350,231,106,102,81,66,90,116,129,124,118,101,133,185,212,280,,,
4/18/2009,WEST,326,374,349,304,286,239,295,292,270,245,182,138,115,126,124,124,140,154,157,141,145,153,216,194,,,
4/19/2009,WEST,119,47,48,68,93,154,98,137,220,205,188,175,169,152,132,107,121,200,335,397,613,777,763,857,,,
4/20/2009,WEST,947,973,952,1029,1043,1114,1156,1165,1190,1221,1183,1172,1167,1142,1146,1149,1071,1080,1092,1161,1007,956,1049,995,,,
4/21/2009,WEST,988,992,933,839,834,864,805,746,867,1000,1092,1164,1242,1264,1225,1220,1331,1106,973,845,587,501,471,385,,,
4/22/2009,WEST,527,461,574,665,762,744,750,921,907,735,699,732,901,1103,1237,1254,1221,1220,1094,750,473,349,369,422,,,
4/23/2009,WEST,523,682,753,783,820,890,1031,1085,1070,1017,1073,1142,1151,1139,1153,1073,1091,1121,1169,1233,1122,1074,1075,1083,,,
4/24/2009,WEST,1006,938,888,835,789,775,818,908,978,1032,1127,1168,1204,1104,1247,1278,1277,1282,1255,1244,1180,1243,1270,1312,,,
4/25/2009,WEST,1311,1257,1308,1277,1251,1278,1306,1309,1307,1239,1237,1328,1339,1242,1118,974,918,845,785,775,778,804,876,922,,,
4/26/2009,WEST,882,845,841,645,522,500,612,599,641,828,930,1021,1097,1074,1111,1089,1049,1074,1075,1069,1061,1035,1032,1129,,,
4/27/2009,WEST,1183,1205,1217,1250,1257,1225,1144,1197,1230,1118,742,703,845,860,868,659,474,738,757,766,739,635,539,613,,,
4/28/2009,WEST,412,159,285,297,426,575,678,1015,1116,1040,854,637,474,391,401,413,400,413,447,560,572,569,465,403,,,
4/29/2009,WEST,354,308,323,316,282,265,282,308,290,260,217,191,152,135,117,151,164,203,301,392,419,545,593,686,,,
4/30/2009,WEST,689,646,624,602,492,488,634,823,828,816,768,826,996,1032,1051,982,853,738,607,360,261,269,353,446,,,
5/1/2009,WEST,404,597,642,628,566,567,543,521,581,581,507,450,465,466,487,428,390,327,439,489,447,296,220,246,,,
5/2/2009,WEST,286,234,250,310,253,243,293,271,215,107,101,136,182,213,258,271,298,289,229,159,75,43,35,38,,,
5/3/2009,WEST,54,55,62,68,75,109,122,143,113,62,51,104,77,37,33,30,22,27,31,30,25,27,16,28,,,
5/4/2009,WEST,43,70,75,85,102,99,84,84,79,92,98,72,63,47,37,43,29,42,47,41,59,108,122,254,,,
5/5/2009,WEST,371,420,344,388,323,284,223,158,113,68,47,23,19,18,23,43,39,46,87,88,79,143,204,241,,,
5/6/2009,WEST,264,337,406,357,309,287,235,164,107,61,24,22,87,180,162,314,296,278,256,293,255,235,334,414,,,
5/7/2009,WEST,492,332,207,227,307,404,459,453,390,316,226,231,279,320,332,363,497,277,317,221,75,151,262,167,,,
5/8/2009,WEST,144,116,162,305,321,286,177,130,27,11,5,8,6,87,175,8,3,7,16,37,140,320,507,701,,,
5/9/2009,WEST,849,956,1065,1178,1194,1240,1233,1179,1118,1130,1157,1123,985,867,805,802,865,909,929,925,807,635,715,692,,,
5/10/2009,WEST,603,510,519,373,186,173,137,109,97,111,158,272,423,589,735,792,796,775,621,496,308,200,315,372,,,
5/11/2009,WEST,283,158,126,92,82,79,56,56,11,6,19,21,37,34,27,28,27,47,18,19,45,81,193,225,,,
5/12/2009,WEST,241,331,457,502,517,539,620,603,421,338,414,413,399,436,520,592,692,865,982,957,831,847,870,887,,,
5/13/2009,WEST,921,802,908,1038,1010,1078,1146,1131,952,928,760,812,817,859,942,1008,1065,1078,1128,1241,1287,1293,1269,1228,,,
5/14/2009,WEST,1145,1094,1020,922,797,823,841,787,691,665,611,508,631,733,650,617,493,325,160,33,17,11,7,6,,,
5/15/2009,WEST,28,108,139,160,209,123,84,167,441,540,594,598,664,646,676,556,475,476,377,382,611,726,346,206,,,
5/16/2009,WEST,278,260,246,312,330,386,588,697,923,996,1130,1157,1143,1171,1208,1210,1270,1347,1289,1082,762,601,646,664,,,
5/17/2009,WEST,697,647,579,523,450,376,306,290,231,181,263,242,207,188,191,206,208,200,163,141,141,115,134,150,,,
5/18/2009,WEST,138,340,342,279,272,300,322,327,265,226,281,321,398,468,503,496,517,559,571,513,435,538,613,668,,,
5/19/2009,WEST,792,794,809,848,888,939,902,863,742,673,725,664,580,604,627,622,634,633,604,598,548,701,827,952,,,
5/20/2009,WEST,997,1001,953,922,884,952,949,876,625,460,618,725,686,645,642,701,749,785,811,734,654,728,877,977,,,
5/21/2009,WEST,1118,1135,1137,1116,1050,947,825,767,534,425,461,596,642,548,448,376,326,299,234,177,152,209,211,275,,,
5/22/2009,WEST,305,304,270,301,322,317,280,197,151,137,122,117,104,85,62,47,27,27,32,166,461,432,431,352,,,
5/23/2009,WEST,250,212,231,189,150,126,101,78,29,9,3,3,7,11,9,60,114,120,202,84,177,112,88,65,,,
5/24/2009,WEST,69,112,115,187,268,294,274,244,223,170,140,123,123,74,71,82,130,350,572,642,703,750,840,861,,,
5/25/2009,WEST,826,729,670,609,635,664,694,736,798,867,827,824,821,879,918,948,1010,1032,933,889,816,722,738,735,,,
5/26/2009,WEST,838,810,826,758,739,671,614,614,493,327,249,202,120,135,224,241,353,336,440,389,274,331,350,386,,,
5/27/2009,WEST,395,403,472,378,348,358,343,306,321,361,402,434,474,505,527,544,485,385,298,199,198,194,202,151,,,
5/28/2009,WEST,142,122,107,121,163,194,187,182,204,198,207,190,162,170,195,200,227,269,319,391,298,222,229,160,,,
5/29/2009,WEST,124,119,174,251,283,360,349,357,174,147,124,172,213,258,335,435,537,651,724,551,573,503,574,445,,,
5/30/2009,WEST,323,234,212,257,289,247,330,448,420,369,352,414,536,556,532,662,750,752,744,873,627,704,743,851,,,
5/31/2009,WEST,823,848,862,687,541,460,364,258,147,117,130,142,174,195,187,198,227,252,297,397,335,521,879,914,,,
6/1/2009,WEST,833,923,1014,916,800,605,600,748,705,602,536,580,626,678,540,504,450,555,588,544,514,470,593,442,,,
6/2/2009,WEST,499,574,413,246,185,190,125,156,148,177,254,276,266,295,373,449,480,537,601,662,406,500,462,648,,,
6/3/2009,WEST,508,362,387,455,501,568,628,648,553,424,386,410,367,424,419,357,309,293,297,262,345,444,504,466,,,
6/4/2009,WEST,408,318,252,248,241,175,166,153,92,56,51,87,85,67,52,40,40,49,52,54,89,175,212,219,,,
6/5/2009,WEST,193,220,203,154,144,117,107,149,113,93,129,144,136,148,165,178,182,190,220,213,147,129,223,374,,,
6/6/2009,WEST,488,468,547,555,583,587,524,444,206,109,125,164,181,198,341,636,810,896,946,941,790,662,643,593,,,
6/7/2009,WEST,570,584,575,553,523,477,462,390,334,224,294,348,241,102,293,627,509,551,454,333,172,227,342,465,,,
6/8/2009,WEST,613,630,643,830,732,566,477,551,545,648,582,806,901,900,860,858,974,951,832,713,477,452,416,427,,,
6/9/2009,WEST,588,556,560,557,482,390,268,278,196,128,93,82,75,78,68,136,159,127,76,72,150,66,141,182,,,
6/10/2009,WEST,344,405,289,321,364,438,413,400,235,133,97,87,57,62,98,112,98,106,90,85,132,295,462,399,,,
6/11/2009,WEST,315,304,358,328,159,98,137,254,126,145,124,126,129,124,168,313,336,516,531,513,569,468,379,450,,,
6/12/2009,WEST,461,437,408,301,256,214,158,123,84,51,28,14,7,20,34,30,29,20,24,26,48,118,189,179,,,
6/13/2009,WEST,157,138,107,93,121,73,138,130,111,144,157,177,145,100,56,40,33,74,115,130,168,184,228,272,,,
6/14/2009,WEST,222,162,111,111,96,70,79,60,46,51,50,51,41,44,54,71,76,71,88,160,240,240,245,275,,,
6/15/2009,WEST,278,234,279,333,306,409,474,512,437,267,193,218,285,368,366,309,239,221,201,170,163,187,313,432,,,
6/16/2009,WEST,367,412,447,483,483,495,548,608,558,555,606,718,497,463,447,497,467,364,312,316,305,308,309,389,,,
6/17/2009,WEST,339,302,305,328,383,392,382,342,296,329,274,216,169,165,199,207,196,203,188,158,121,129,191,215,,,
6/18/2009,WEST,284,214,222,265,398,539,578,663,640,766,716,356,229,258,350,345,392,459,553,493,414,344,409,483,,,
6/19/2009,WEST,556,761,755,697,710,614,536,547,568,669,644,538,376,321,482,670,609,621,692,623,521,425,448,672,,,
6/20/2009,WEST,784,742,657,688,735,637,565,478,456,433,425,411,448,513,513,480,441,415,395,387,387,359,319,287,,,
6/21/2009,WEST,285,286,277,280,274,272,270,280,260,270,269,259,211,189,203,237,253,259,276,230,213,247,320,367,,,
6/22/2009,WEST,357,373,348,315,263,224,168,279,170,112,120,131,110,106,115,119,133,115,131,123,122,167,184,163,,,
6/23/2009,WEST,116,104,92,82,62,49,28,17,2,2,9,16,17,16,25,35,39,50,61,77,79,229,289,199,,,
6/24/2009,WEST,145,69,61,57,67,84,57,50,15,27,46,40,42,16,19,39,39,53,64,53,51,70,89,101,,,
6/25/2009,WEST,136,120,125,160,201,185,148,118,94,85,65,66,71,100,117,181,226,202,178,150,296,227,176,223,,,
6/26/2009,WEST,279,421,265,283,270,267,213,174,153,138,156,164,212,192,192,154,135,161,211,285,240,210,178,191,,,
6/27/2009,WEST,260,286,327,390,415,406,361,383,283,198,152,166,175,182,196,220,235,249,344,300,431,389,621,494,,,
6/28/2009,WEST,623,681,741,773,707,748,805,761,799,1005,1077,1097,1050,968,1053,1098,1191,1205,1173,1086,838,639,696,763,,,
6/29/2009,WEST,866,904,909,780,842,728,765,732,588,696,985,1223,1244,1249,1276,1279,1234,1187,1136,1008,798,634,569,540,,,
6/30/2009,WEST,527,579,586,644,540,474,349,274,252,324,348,402,471,604,733,668,665,641,491,442,329,194,152,140,,,
7/1/2009,WEST,201,121,75,46,69,103,124,70,89,141,140,163,202,269,289,322,386,388,329,266,190,205,252,216,,,
7/2/2009,WEST,200,223,151,112,157,192,217,216,154,131,158,198,230,313,341,360,314,310,310,309,281,226,186,194,,,
7/3/2009,WEST,190,207,266,315,309,278,309,255,228,238,240,229,211,213,240,231,240,277,282,259,260,260,232,193,,,
7/4/2009,WEST,193,191,222,315,324,346,262,197,291,368,346,307,286,307,358,489,584,600,602,575,491,522,437,283,,,
7/5/2009,WEST,256,207,215,213,212,208,233,220,150,115,151,179,135,125,69,42,28,38,59,71,72,86,76,71,,,
7/6/2009,WEST,94,84,105,147,125,115,112,112,62,11,10,29,80,103,110,126,154,221,259,171,119,108,147,163,,,
7/7/2009,WEST,171,171,191,220,233,275,242,159,95,82,88,88,98,110,124,144,226,201,236,349,201,193,181,170,,,
7/8/2009,WEST,125,121,170,184,205,213,277,299,317,277,240,379,391,513,472,469,483,462,503,572,626,567,400,428,,,
7/9/2009,WEST,408,417,456,431,404,354,347,295,239,146,107,117,140,100,91,68,52,55,71,86,73,152,276,468,,,
7/10/2009,WEST,590,566,477,397,376,263,186,131,83,95,175,319,247,252,279,147,276,385,381,340,207,109,194,244,,,
7/11/2009,WEST,325,396,421,432,406,368,336,303,226,197,114,112,195,174,122,129,190,271,265,209,269,376,547,580,,,
7/12/2009,WEST,564,551,483,451,506,481,442,398,232,104,75,51,32,36,74,106,147,143,122,71,41,45,63,95,,,
7/13/2009,WEST,126,147,150,147,173,232,217,144,43,18,20,41,37,42,52,65,58,60,59,82,110,155,213,248,,,
7/14/2009,WEST,275,355,342,335,327,333,361,356,371,334,259,255,229,230,236,196,212,254,289,344,326,365,403,391,,,
7/15/2009,WEST,483,492,545,537,594,556,336,334,427,472,361,386,422,442,452,540,528,485,441,310,268,325,445,580,,,
7/16/2009,WEST,556,585,549,501,454,468,480,458,350,240,227,221,219,254,321,415,422,399,339,283,302,431,471,708,,,
7/17/2009,WEST,630,673,699,564,483,387,460,417,263,279,358,437,604,757,811,929,923,848,860,713,639,631,526,405,,,
7/18/2009,WEST,371,362,367,364,357,335,267,289,293,267,251,278,256,225,181,244,209,225,263,247,155,197,247,233,,,
7/19/2009,WEST,223,197,181,151,92,114,128,118,42,13,-1,-1,12,3,11,15,7,-3,-6,-4,-4,-5,-5,-4,,,
7/20/2009,WEST,0,8,23,54,85,92,49,37,20,7,10,33,69,60,45,36,24,34,57,81,67,65,113,161,,,
7/21/2009,WEST,219,275,278,366,419,371,385,397,301,174,134,161,159,108,106,137,85,70,77,135,145,159,144,162,,,
7/22/2009,WEST,186,144,158,156,118,65,48,43,17,27,34,42,59,56,32,26,46,58,58,45,66,95,89,92,,,
7/23/2009,WEST,103,138,154,157,147,172,168,153,85,20,21,38,75,77,88,124,201,242,237,225,171,124,75,109,,,
7/24/2009,WEST,161,201,223,195,212,239,234,136,84,44,35,84,161,253,299,281,267,321,290,311,382,569,791,836,,,
7/25/2009,WEST,539,533,499,367,307,412,384,274,259,329,314,390,481,629,814,813,833,812,773,567,532,605,676,685,,,
7/26/2009,WEST,724,615,546,536,581,672,597,421,311,224,235,351,495,492,492,427,421,378,289,221,192,245,318,349,,,
7/27/2009,WEST,309,303,325,298,284,317,286,175,88,52,37,87,136,178,228,302,348,364,324,224,241,328,413,583,,,
7/28/2009,WEST,583,493,434,464,568,615,534,442,355,181,69,13,15,13,40,38,191,229,221,74,163,158,89,174,,,
7/29/2009,WEST,165,137,153,186,243,255,212,180,125,80,97,51,70,98,89,126,113,100,103,174,208,185,140,103,,,
7/30/2009,WEST,164,121,154,175,165,129,125,119,146,119,49,36,37,48,55,74,87,94,144,119,101,95,153,215,,,
7/31/2009,WEST,198,210,220,230,288,526,465,365,215,38,17,56,112,181,201,213,206,221,234,161,121,138,190,230,,,
8/1/2009,WEST,351,416,491,620,627,732,717,687,631,481,387,317,236,218,180,179,149,124,108,95,74,96,173,177,,,
8/2/2009,WEST,221,266,345,360,458,527,463,371,227,68,42,49,68,132,228,249,264,281,353,386,383,601,640,759,,,
8/3/2009,WEST,871,910,964,962,957,957,911,852,786,681,660,568,476,538,572,514,555,570,481,347,301,243,214,183,,,
8/4/2009,WEST,154,219,219,165,147,145,80,120,29,33,225,367,481,236,73,153,212,169,238,239,224,152,123,194,,,
8/5/2009,WEST,333,370,384,419,400,415,444,317,154,76,52,37,39,31,10,3,11,26,51,77,129,158,162,134,,,
8/6/2009,WEST,79,53,36,32,31,28,46,63,65,16,16,60,86,58,62,79,79,85,49,18,8,6,5,4,,,
8/7/2009,WEST,10,14,9,11,19,47,129,248,358,312,259,270,324,339,360,333,432,389,391,548,518,508,526,591,,,
8/8/2009,WEST,622,633,699,688,704,744,736,752,902,852,712,582,594,570,545,595,666,724,671,598,690,873,917,1000,,,
8/9/2009,WEST,1086,1137,1136,1055,976,971,997,1040,1026,1058,1084,1077,1043,884,815,779,671,503,410,282,267,427,719,875,,,
8/10/2009,WEST,970,1005,762,542,398,317,456,373,286,261,243,143,183,157,167,217,299,209,278,268,224,184,156,216,,,
8/11/2009,WEST,220,262,257,310,328,384,338,243,218,115,112,114,108,178,178,223,302,305,300,177,190,223,276,247,,,
8/12/2009,WEST,187,184,176,122,133,162,142,174,178,91,47,34,17,20,27,35,53,32,41,61,66,79,81,43,,,
8/13/2009,WEST,27,28,36,42,29,22,20,15,18,12,4,22,44,66,61,62,53,44,33,23,20,40,69,107,,,
8/14/2009,WEST,140,176,193,183,164,132,170,181,160,76,41,41,53,54,53,60,84,90,79,61,78,100,124,216,,,
8/15/2009,WEST,295,358,428,417,392,388,423,394,294,150,98,73,94,172,240,251,278,282,258,191,233,296,321,470,,,
8/16/2009,WEST,581,644,720,715,653,661,640,586,467,430,478,530,598,700,660,501,452,421,274,397,324,294,385,340,,,
8/17/2009,WEST,242,230,231,220,360,410,350,262,199,125,107,90,106,138,183,148,275,161,277,230,66,65,100,77,,,
8/18/2009,WEST,106,184,203,235,234,151,119,105,55,40,15,21,44,42,41,60,73,63,56,36,50,43,28,29,,,
8/19/2009,WEST,33,31,28,30,37,54,103,149,231,209,201,269,353,372,432,455,466,569,615,621,529,589,566,529,,,
8/20/2009,WEST,506,637,632,496,617,543,417,423,573,586,658,704,701,784,891,900,927,848,708,567,511,614,707,721,,,
8/21/2009,WEST,699,712,685,708,633,518,515,481,469,515,497,547,634,648,569,498,519,468,461,342,186,201,306,318,,,
8/22/2009,WEST,284,269,262,256,318,303,330,320,293,243,321,371,374,366,356,256,126,87,81,92,142,201,184,195,,,
8/23/2009,WEST,206,199,167,206,138,101,106,87,101,40,47,31,20,17,25,23,35,61,80,86,81,82,74,62,,,
8/24/2009,WEST,66,78,81,84,87,62,61,56,55,24,4,9,10,12,17,29,50,74,74,87,116,182,289,380,,,
8/25/2009,WEST,435,546,582,586,559,554,513,492,358,165,135,132,102,115,154,191,177,181,142,216,387,427,349,289,,,
8/26/2009,WEST,385,388,372,358,363,381,398,347,335,237,175,190,191,202,207,241,259,230,268,187,163,230,294,280,,,
8/27/2009,WEST,259,301,288,245,179,212,229,225,213,225,278,302,210,227,221,196,170,173,212,347,489,488,492,539,,,
8/28/2009,WEST,481,409,328,259,313,248,198,99,94,36,14,21,46,94,127,75,162,92,93,82,87,176,220,247,,,
8/29/2009,WEST,249,261,239,267,346,460,471,497,383,372,351,354,413,501,608,617,649,735,585,411,395,452,579,565,,,
8/30/2009,WEST,497,564,473,438,362,278,271,297,271,304,275,275,252,206,189,169,150,167,130,121,172,231,232,303,,,
8/31/2009,WEST,291,206,154,65,23,8,3,7,11,7,10,25,28,28,26,25,34,23,21,21,31,283,427,448,,,
9/1/2009,WEST,441,386,323,275,263,211,133,87,57,42,26,16,9,12,13,12,12,8,5,8,25,84,126,174,,,
9/2/2009,WEST,158,190,232,232,211,227,187,156,131,86,62,103,80,47,42,30,28,24,17,21,69,129,198,317,,,
9/3/2009,WEST,339,259,231,193,175,143,127,150,174,88,46,42,48,45,34,22,15,17,20,43,92,157,183,184,,,
9/4/2009,WEST,199,178,177,168,189,206,205,205,193,91,23,17,32,43,43,21,11,6,9,37,75,145,315,375,,,
9/5/2009,WEST,335,291,240,161,137,138,132,157,151,87,35,37,44,38,31,24,17,15,16,33,71,117,233,320,,,
9/6/2009,WEST,346,347,313,191,178,157,134,173,185,145,143,121,104,92,94,100,93,131,147,152,242,361,388,344,,,
9/7/2009,WEST,360,291,174,123,106,84,67,64,84,79,44,52,97,112,73,45,20,28,34,38,103,246,339,313,,,
9/8/2009,WEST,276,185,116,90,65,42,29,32,27,29,24,8,8,16,36,26,31,50,47,68,167,253,365,280,,,
9/9/2009,WEST,186,135,70,63,57,53,62,92,97,37,20,16,27,30,45,36,50,69,96,111,152,215,291,248,,,
9/10/2009,WEST,256,267,208,224,268,251,206,205,158,90,67,77,93,126,79,88,96,131,113,121,187,325,351,380,,,
9/11/2009,WEST,309,259,201,166,127,93,90,94,68,7,2,3,39,47,42,44,40,31,44,63,158,296,257,288,,,
9/12/2009,WEST,247,234,239,267,281,218,208,145,112,108,58,62,69,86,128,169,147,124,109,72,105,234,337,308,,,
9/13/2009,WEST,207,148,95,87,143,192,167,114,80,53,42,52,66,70,77,85,88,100,99,129,155,149,157,184,,,
9/14/2009,WEST,231,185,174,177,131,73,55,84,99,74,62,54,49,55,63,57,60,51,43,54,86,125,115,97,,,
9/15/2009,WEST,88,94,110,121,153,163,173,187,137,120,125,103,113,104,89,105,110,102,116,195,323,408,514,488,,,
9/16/2009,WEST,434,414,387,332,450,536,553,578,578,481,415,313,283,392,522,517,506,509,554,597,718,762,689,708,,,
9/17/2009,WEST,611,588,575,488,388,341,369,336,273,149,67,94,188,147,101,68,34,37,65,115,347,402,317,226,,,
9/18/2009,WEST,179,204,210,193,169,119,96,86,84,84,47,58,63,75,88,101,113,119,94,77,199,450,598,533,,,
9/19/2009,WEST,437,380,368,313,268,244,259,283,261,185,107,78,67,85,72,78,70,81,101,144,211,393,533,596,,,
9/20/2009,WEST,624,597,516,442,377,374,342,319,315,211,125,139,152,186,220,189,209,276,319,307,262,196,123,122,,,
9/21/2009,WEST,159,178,134,126,97,60,85,39,11,4,7,12,21,19,12,24,15,41,53,80,119,121,207,277,,,
9/22/2009,WEST,335,406,416,374,384,362,334,302,304,361,256,174,113,76,47,91,125,100,64,72,123,195,266,277,,,
9/23/2009,WEST,253,183,118,88,72,115,115,116,81,51,26,14,13,19,26,46,56,60,107,124,120,172,129,83,,,
9/24/2009,WEST,123,86,45,48,66,101,55,48,35,25,26,27,17,14,30,36,33,25,22,30,45,73,94,120,,,
9/25/2009,WEST,164,160,196,165,156,189,250,268,243,207,237,238,138,63,81,56,38,28,45,96,136,140,184,174,,,
9/26/2009,WEST,189,213,184,181,198,224,212,189,200,196,217,234,211,189,179,373,222,179,136,122,186,184,228,222,,,
9/27/2009,WEST,184,181,172,174,201,199,162,182,240,243,296,596,792,853,915,944,995,942,841,822,927,1015,1073,1014,,,
9/28/2009,WEST,1116,1178,1205,1152,1117,1042,1108,1124,1303,1280,1431,1402,1404,1460,1476,1477,1492,1487,1467,1430,1369,1272,1295,1311,,,
9/29/2009,WEST,1307,1271,1227,1040,1060,1033,938,907,813,859,850,614,555,521,432,401,450,422,377,345,341,356,387,382,,,
9/30/2009,WEST,346,303,284,284,280,289,269,261,251,234,233,244,240,209,224,216,199,168,160,137,268,437,445,516,,,
10/1/2009,WEST,621,620,565,546,633,672,633,605,533,390,325,353,464,474,569,531,734,872,1003,1038,1042,1111,979,900,,,
10/2/2009,WEST,725,784,899,811,691,698,730,654,626,629,748,774,861,1004,986,956,944,914,837,711,600,687,656,623,,,
10/3/2009,WEST,624,778,704,582,648,554,522,466,434,456,501,521,557,575,594,584,643,572,494,468,405,382,459,466,,,
10/4/2009,WEST,489,452,449,467,514,506,439,435,429,362,315,356,423,396,333,349,280,248,172,128,173,258,275,253,,,
10/5/2009,WEST,249,259,225,224,202,176,136,64,34,19,34,35,25,29,31,34,27,31,25,45,91,235,383,497,,,
10/6/2009,WEST,628,562,565,577,577,543,613,611,772,706,820,824,985,1075,1149,1131,1189,1228,1166,1258,1276,1307,1485,1542,,,
10/7/2009,WEST,1536,1437,1445,1351,1219,1085,940,875,736,569,535,371,341,403,505,537,490,542,531,650,899,1011,1131,1199,,,
10/8/2009,WEST,1151,1072,1083,1033,875,810,734,755,688,567,490,228,51,107,88,169,106,11,20,79,45,60,103,244,,,
10/9/2009,WEST,289,245,273,320,421,386,320,350,364,304,299,413,453,491,512,633,677,781,778,728,678,635,611,622,,,
10/10/2009,WEST,651,533,453,495,517,466,365,285,278,228,208,259,432,416,516,526,406,236,217,247,373,413,482,512,,,
10/11/2009,WEST,524,532,517,523,476,396,224,171,141,71,41,26,39,29,38,37,28,31,27,41,62,66,48,75,,,
10/12/2009,WEST,140,146,165,207,256,251,334,358,210,156,126,88,91,69,89,80,85,75,99,106,89,90,124,172,,,
10/13/2009,WEST,226,362,462,557,602,571,625,689,714,711,631,689,597,503,423,365,376,411,425,416,547,552,450,417,,,
10/14/2009,WEST,382,327,337,457,644,665,565,540,525,481,469,609,661,698,710,678,578,530,410,326,293,372,435,442,,,
10/15/2009,WEST,436,412,276,245,269,347,461,467,367,333,348,316,284,206,180,194,224,246,259,268,260,224,156,124,,,
10/16/2009,WEST,103,107,142,197,183,173,131,133,134,123,150,176,185,199,223,283,246,165,98,74,138,150,124,119,,,
10/17/2009,WEST,160,160,159,164,172,237,253,257,261,190,220,272,391,466,511,493,468,314,259,209,221,208,136,77,,,
10/18/2009,WEST,69,63,56,58,55,43,60,80,73,80,103,188,246,272,329,378,400,374,410,573,846,1174,1345,1382,,,
10/19/2009,WEST,1314,1215,1153,1151,1097,1105,1208,1279,1227,1119,1085,1033,933,905,938,980,1007,949,829,809,853,966,1008,1121,,,
10/20/2009,WEST,1142,1148,1158,1148,1127,1110,1081,1044,947,762,563,407,271,182,180,213,347,452,416,528,588,745,961,943,,,
10/21/2009,WEST,967,977,1017,1015,952,951,968,928,879,645,517,476,502,576,647,729,794,803,701,809,1015,1052,1060,960,,,
10/22/2009,WEST,957,872,691,602,665,652,665,613,531,351,176,183,267,429,521,559,593,706,884,1022,912,970,1126,1155,,,
10/23/2009,WEST,1200,1262,1182,1151,1090,836,789,987,997,920,880,1050,1247,1305,1425,1414,1430,1521,1559,1457,1429,1314,1325,1284,,,
10/24/2009,WEST,1263,1191,1079,1060,821,760,771,729,796,852,848,861,889,934,980,910,788,638,453,442,534,533,569,675,,,
10/25/2009,WEST,778,802,868,754,697,691,671,753,826,665,564,463,433,554,455,409,401,281,227,327,395,398,357,378,,,
10/26/2009,WEST,357,309,323,359,372,334,347,398,461,503,444,384,289,229,292,358,334,352,384,407,376,370,300,266,,,
10/27/2009,WEST,244,169,116,80,62,41,37,52,55,84,53,38,91,106,73,70,86,80,126,198,217,217,225,248,,,
10/28/2009,WEST,241,266,251,194,128,127,123,243,202,172,207,232,231,277,293,282,266,301,322,353,424,545,566,532,,,
10/29/2009,WEST,571,561,542,434,409,443,527,600,735,643,757,972,979,876,704,540,593,759,965,1107,1202,1219,1249,1334,,,
10/30/2009,WEST,1395,1364,1403,1464,1336,1354,1399,1481,1439,1400,1256,1086,1087,1299,1281,1332,1282,1341,1332,1469,1464,1446,1433,1492,,,
10/31/2009,WEST,1419,1404,1366,1266,1267,1397,1330,1251,1104,1098,1246,1344,1233,1287,1186,1083,1000,884,569,391,420,353,225,213,,,
11/1/2009,WEST,210,411,134,56,28,51,52,129,183,145,83,98,126,145,184,211,269,354,514,690,883,903,936,1025,,,
11/2/2009,WEST,1026,1039,1090,1083,979,818,695,656,595,410,377,361,372,500,670,750,845,845,882,835,818,1032,1190,1211,,,
11/3/2009,WEST,1330,1323,1252,1235,1089,996,895,749,504,247,269,226,248,243,245,249,218,189,172,165,182,126,154,131,,,
11/4/2009,WEST,155,145,237,301,411,541,501,556,490,388,366,286,266,369,513,651,802,934,1051,1110,1174,1123,1029,958,,,
11/5/2009,WEST,862,802,735,657,670,602,432,346,289,129,159,215,283,395,469,435,379,327,342,358,338,354,390,422,,,
11/6/2009,WEST,464,441,594,701,786,885,1036,1199,1181,1102,1119,1243,1252,1288,1355,1423,1417,1450,1423,1447,1457,1384,1393,1361,,,
11/7/2009,WEST,1467,1508,1520,1548,1569,1606,1620,1590,1470,1332,1305,1208,1057,921,775,705,732,625,594,531,545,597,624,672,,,
11/8/2009,WEST,709,660,541,516,430,498,472,499,560,395,215,100,129,332,598,802,795,733,1129,1330,1436,1480,1462,1416,,,
11/9/2009,WEST,1367,1364,1215,1195,1128,989,889,793,752,597,284,114,56,34,31,51,45,34,110,373,403,352,332,255,,,
11/10/2009,WEST,338,432,627,481,456,513,607,819,890,840,883,953,865,846,683,810,807,687,725,826,1002,1039,1106,1049,,,
11/11/2009,WEST,1126,1153,1105,1149,1187,1205,1167,1161,1074,744,553,523,389,331,358,300,309,318,465,546,604,677,660,652,,,
11/12/2009,WEST,725,733,697,788,763,853,695,757,678,365,199,163,207,291,356,331,307,431,634,778,915,1079,1107,1106,,,
11/13/2009,WEST,1132,1102,1159,1248,1300,1235,1194,1188,1163,949,716,755,866,876,800,780,736,941,1261,1384,1379,1320,1321,1324,,,
11/14/2009,WEST,1283,1131,1102,1041,1025,937,935,894,818,545,356,217,139,178,283,362,273,228,249,329,340,368,388,413,,,
11/15/2009,WEST,488,474,509,533,599,588,696,809,807,677,665,660,556,492,501,524,591,617,887,920,934,827,862,816,,,
11/16/2009,WEST,794,765,824,945,930,979,907,1154,1210,1168,1285,1366,1378,1479,1493,1466,1514,1555,1577,1517,1591,1656,1601,1592,,,
11/17/2009,WEST,1617,1607,1606,1625,1606,1393,1368,1294,1374,1421,1459,1350,1438,1489,1357,1385,1313,1253,1274,1217,1172,1058,924,1040,,,
11/18/2009,WEST,1010,856,807,815,677,616,521,426,453,318,306,365,392,317,243,234,272,318,296,294,309,377,390,395,,,
11/19/2009,WEST,320,291,306,308,344,396,360,315,314,277,260,241,166,139,191,229,165,129,200,286,376,449,656,696,,,
11/20/2009,WEST,683,774,788,725,618,546,478,465,415,326,243,212,208,214,184,112,108,121,161,149,120,102,70,74,,,
11/21/2009,WEST,63,68,77,90,79,73,76,78,66,58,33,27,46,59,74,82,73,138,290,490,679,773,820,777,,,
11/22/2009,WEST,662,630,623,560,615,654,597,583,528,429,275,249,266,236,239,223,224,291,568,891,1108,1146,1213,1217,,,
11/23/2009,WEST,1095,914,844,697,555,450,408,396,276,222,193,172,141,98,78,70,104,129,166,144,223,366,397,474,,,
11/24/2009,WEST,422,347,290,282,313,348,369,449,523,522,602,650,776,738,701,755,777,821,750,817,965,937,978,954,,,
11/25/2009,WEST,832,714,672,668,727,760,814,951,993,937,835,993,1048,1058,1070,1111,982,1187,1023,1050,1151,1198,1140,1018,,,
11/26/2009,WEST,1077,1188,1182,1205,1257,1257,1226,1237,1403,1385,1435,1538,1632,1660,1606,1595,1620,1614,1621,1670,1675,1611,1622,1475,,,
11/27/2009,WEST,1337,1236,1107,977,868,635,434,351,311,313,316,292,296,292,282,277,287,298,351,386,579,719,733,836,,,
11/28/2009,WEST,924,991,1027,1026,993,1017,1002,1021,1105,862,530,352,354,387,444,443,470,484,579,642,734,882,985,1125,,,
11/29/2009,WEST,1242,1391,1565,1628,1572,1525,1439,1343,1199,994,888,855,754,774,858,956,815,844,856,964,888,855,725,674,,,
11/30/2009,WEST,746,826,833,751,601,595,615,510,428,412,482,614,446,498,665,826,897,983,1394,1689,1838,1905,1924,1883,,,
12/1/2009,WEST,1800,1832,1803,1781,1754,1702,1650,1624,1512,1335,1201,1377,1543,1641,1555,1259,1310,1548,1557,1627,1675,1600,1613,1594,,,
12/2/2009,WEST,1487,1223,861,611,473,363,314,282,353,423,448,455,433,696,994,1050,1473,1835,1897,1760,1693,1738,1679,1734,,,
12/3/2009,WEST,1770,1720,1690,1601,1526,1318,1163,1049,910,945,1010,1028,1159,1266,1343,1327,1205,1135,1096,1162,1197,1212,1103,1254,,,
12/4/2009,WEST,1269,1212,1228,1212,1075,886,890,876,758,870,899,799,760,681,655,593,510,471,332,240,144,103,74,83,,,
12/5/2009,WEST,94,103,135,194,252,266,311,341,370,252,169,315,420,433,394,386,439,495,705,1024,1215,1416,1473,1511,,,
12/6/2009,WEST,1592,1553,1410,1372,1421,1513,1418,1320,1298,937,684,654,578,450,444,373,227,235,380,566,829,838,642,512,,,
12/7/2009,WEST,350,248,207,161,185,127,141,126,108,136,223,280,346,393,403,415,358,294,283,255,210,168,128,116,,,
12/8/2009,WEST,142,131,107,94,145,195,308,413,462,505,581,800,1026,1183,1257,1589,1779,1774,1562,1638,1714,1696,1613,1459,,,
12/9/2009,WEST,1211,927,959,1458,1662,1687,1741,1792,1760,1456,1209,1068,1078,1210,1379,1586,1779,1918,2039,2080,2110,2121,2108,2056,,,
12/10/2009,WEST,1985,1897,1895,1925,1898,1829,1891,1863,1830,1879,1865,1854,1758,1812,1886,1845,1681,1633,1624,1759,1896,1906,1790,1640,,,
12/11/2009,WEST,1502,1381,1224,1048,909,990,1093,1114,1121,925,572,419,541,628,770,690,698,764,1051,1069,1210,1273,1379,1504,,,
12/12/2009,WEST,1621,1674,1683,1603,1545,1436,1384,1290,1250,1003,669,628,689,865,1069,1246,1378,1429,1448,1596,1700,1716,1578,1392,,,
12/13/2009,WEST,1221,1287,1120,1045,1078,1005,919,779,663,533,499,467,293,309,322,295,289,289,298,297,348,510,644,842,,,
12/14/2009,WEST,994,1182,1305,1271,1189,1146,1098,982,1008,959,1067,1160,1181,1088,1019,1115,1241,1244,1235,1272,1338,1308,1651,1671,,,
12/15/2009,WEST,1459,1387,1239,1153,1291,1441,1563,1632,1483,1408,1297,1322,1338,1377,1216,1122,979,879,836,836,836,807,727,617,,,
12/16/2009,WEST,593,533,466,371,329,257,216,214,201,210,199,187,182,226,251,294,329,410,496,614,615,431,336,370,,,
12/17/2009,WEST,413,433,501,638,737,771,795,841,891,833,630,597,526,527,517,506,543,725,695,698,684,613,467,445,,,
12/18/2009,WEST,273,251,198,194,181,184,258,175,95,103,133,160,171,183,239,296,382,502,636,704,697,689,749,759,,,
12/19/2009,WEST,737,721,840,963,988,1005,1019,983,974,932,934,1001,1033,1018,1066,1100,1024,973,986,936,763,694,608,581,,,
12/20/2009,WEST,519,473,456,419,435,384,362,270,205,145,173,180,203,245,239,196,159,152,150,154,131,82,94,123,,,
12/21/2009,WEST,148,194,181,187,182,125,54,65,80,68,78,136,178,254,258,224,154,142,116,92,66,64,65,43,,,
12/22/2009,WEST,43,49,84,155,131,180,361,500,646,824,901,896,953,977,1061,1303,1420,1519,1570,1587,1521,1494,1481,1510,,,
12/23/2009,WEST,1533,1479,1446,1461,1470,1549,1550,1538,1538,1637,1657,1549,1581,1585,1525,1474,1547,1554,1547,1552,1435,1343,1321,1293,,,
12/24/2009,WEST,1298,1270,1269,1254,1278,1305,1373,1499,1494,1434,1536,1539,1516,1693,1790,1818,1853,1940,1995,2053,2085,2129,2165,2176,,,
12/25/2009,WEST,2136,2186,2201,2202,2165,2128,2078,1831,1616,1550,1521,1594,1881,1932,1961,1941,1934,1869,1856,1819,1848,1726,1608,1375,,,
12/26/2009,WEST,1242,1260,1272,1209,1260,1157,1165,1340,1336,1303,1410,1441,1361,1300,1183,1073,941,915,1120,1294,1300,1221,1342,1246,,,
12/27/2009,WEST,1040,951,812,762,721,556,363,157,86,113,133,114,117,243,341,488,601,811,1097,1329,1440,1544,1552,1647,,,
12/28/2009,WEST,1659,1710,1652,1497,1518,1644,1618,1803,1824,1912,1988,1952,2017,2042,1944,1881,1752,1704,1706,1580,1469,1415,1276,1178,,,
12/29/2009,WEST,1080,945,910,812,683,729,687,457,286,199,212,219,225,215,219,203,190,188,206,233,270,449,637,872,,,
12/30/2009,WEST,1050,1004,951,868,813,766,760,823,844,894,873,754,746,681,657,649,574,561,626,732,687,696,650,608,,,
12/31/2009,WEST,526,488,442,330,246,336,367,484,638,864,891,833,1105,1345,1607,1697,1769,1783,1682,1698,1764,1600,1522,1445,,,
